ad_type,area,build_year,building_floors,collage,distance_from_center,distance_from_other_expensive,floor,heating,location_district,location_lat,location_lon,luxury_level,market,ownership,price,price_m2,rooms,state,utilities_balkon,utilities_oddzielna kuchnia,utilities_piwnica,utilities_pom. użytkowe,utilities_taras,utilities_winda,prediction
business,36.0,2008.0,5.0,otodom_photos/mieszkanie-swietne-na-wynajem-pradnik-bialy-ID4vDQk/mieszkanie-swietne-na-wynajem-pradnik-bialy-ID4vDQk_collage.jpg,4.881306420378992,3.755581568116184,4,urban,Prądnik Biały,50.0987,19.9335,4.0,secondary,full_ownership,499000.0,13861.111111111111,2,ready_to_use,0,0,1,1,0,0,609859.4375
business,50.0,2017.0,6.0,otodom_photos/sikorki-12-50m2-3-pok-od-wlasciciela-wysoki-standard-825tys-ID4vaPz/sikorki-12-50m2-3-pok-od-wlasciciela-wysoki-standard-825tys-ID4vaPz_collage.jpg,5.496937993413961,6.155127611731177,4,urban,Czyżyny,50.062395561468,20.016134955215,8.0,secondary,full_ownership,815000.0,16300.0,3,ready_to_use,1,0,0,0,0,1,854615.5
private,45.0,2015.0,3.0,otodom_photos/mieszkanie-z-ogrodem-na-dachu-2-pokojowe-45m2-ID4vCxW/mieszkanie-z-ogrodem-na-dachu-2-pokojowe-45m2-ID4vCxW_collage.jpg,5.2851722894905455,6.070288159729736,3,urban,Dębniki,50.012429134058,19.907089319019,7.0,secondary,full_ownership,730000.0,16222.222222222224,2,ready_to_use,1,0,1,1,1,1,745747.75
business,68.0,2024.0,11.0,otodom_photos/3-pokoje-z-komorka-i-klimatyzacja-malborska-ID4vsQS/3-pokoje-z-komorka-i-klimatyzacja-malborska-ID4vsQS_collage.jpg,4.054108762053395,5.375102894523071,10,urban,Podgórze Duchackie,50.0237843,19.9693309,8.0,secondary,full_ownership,1250000.0,18382.352941176472,3,to_completion,1,0,1,1,0,1,1078421.625
private,52.42,1987.0,4.0,otodom_photos/mieszkanie-2-pokoje-52m-ul-lipinskiego-balkon-ID4wVHx/mieszkanie-2-pokoje-52m-ul-lipinskiego-balkon-ID4wVHx_collage.jpg,3.1442854493967545,4.055587961839112,3,urban,Dębniki,50.0287603,19.9235892,5.0,secondary,limited_ownership,750000.0,14307.516215185044,2,ready_to_use,1,1,1,0,0,0,773921.4375
private,35.23,1980.0,10.0,otodom_photos/sprzedam-bezposrednio-kawalerke-35-23m-nowy-biezanow-ul-aleksandry-ID4voIr/sprzedam-bezposrednio-kawalerke-35-23m-nowy-biezanow-ul-aleksandry-ID4voIr_collage.jpg,7.463757694842984,8.71461269855874,10,urban,Bieżanów-Prokocim,50.01464,20.0235,2.0,secondary,limited_ownership,410000.0,11637.808685779166,1,to_renovation,1,1,1,0,1,1,486025.375
business,102.0,2016.0,2.0,otodom_photos/apartament-z-tarasem-i-2-miejscami-post-blisko-galerii-bronowice-ID4vcqb/apartament-z-tarasem-i-2-miejscami-post-blisko-galerii-bronowice-ID4vcqb_collage.jpg,7.091061117874946,5.770159242780882,1,gas,Prądnik Biały,50.10946727362,19.888311345508,8.0,secondary,full_ownership,1222500.0,11985.29411764706,4,ready_to_use,0,0,0,0,1,0,1284503.875
business,103.0,2017.0,1.0,otodom_photos/4m-taras-10m2-garaz-18m2-kameralne-osiedle-2017r-ID4vDbH/4m-taras-10m2-garaz-18m2-kameralne-osiedle-2017r-ID4vDbH_collage.jpg,5.2817306434204925,6.595853450692513,1,urban,Bieżanów-Prokocim,50.01829,19.98693,8.0,secondary,full_ownership,1249000.0,12126.213592233007,4,ready_to_use,1,0,0,0,0,0,1363543.5
business,30.5,1980.0,10.0,otodom_photos/biezanow-2-pokoje-30m2-bardzo-dobry-stan-mieszkania-ID4vzb6/biezanow-2-pokoje-30m2-bardzo-dobry-stan-mieszkania-ID4vzb6_collage.jpg,6.793286583784953,8.066837506716423,4,urban,Bieżanów-Prokocim,50.0153647,20.0123809,6.0,secondary,full_ownership,520000.0,17049.180327868853,2,ready_to_use,0,0,1,0,0,1,470116.15625
business,52.4,1952.0,4.0,otodom_photos/okazjapo-remoncie-3-pokoje-ID4vx5B/okazjapo-remoncie-3-pokoje-ID4vx5B_collage.jpg,7.651684369704513,7.95624677366682,2,urban,Nowa Huta,50.0831041,20.0378597,9.0,secondary,full_ownership,730000.0,13931.297709923663,3,ready_to_use,0,0,1,0,0,0,771295.3125
business,37.0,2018.0,7.0,otodom_photos/swietna-lokalizacja-inwestycja-blisko-centrum-ID4vDng/swietna-lokalizacja-inwestycja-blisko-centrum-ID4vDng_collage.jpg,1.7452641545133418,2.9016878911331467,5,urban,Podgórze,50.049844,19.963088,7.0,secondary,full_ownership,736300.0,19900.0,1,ready_to_use,1,0,0,0,0,1,780442.0
private,44.0,2025.0,5.0,otodom_photos/nowe-2-pokoje-duzy-balkon-bez-pcc-conrada-27-cesja-44m2-ID4vi16/nowe-2-pokoje-duzy-balkon-bez-pcc-conrada-27-cesja-44m2-ID4vi16_collage.jpg,4.461544095402568,3.1459180557148017,3,urban,Prądnik Biały,50.086961445125,19.902207951844,8.0,secondary,full_ownership,649000.0,14750.0,2,to_completion,1,0,0,0,0,1,752910.5
business,51.0,1950.0,4.0,otodom_photos/3-pokoje-i-do-wejscia-i-zielona-okolica-ID4vowW/3-pokoje-i-do-wejscia-i-zielona-okolica-ID4vowW_collage.jpg,7.656552395234573,8.16859733372952,3,urban,Nowa Huta,50.07206,20.04392,8.0,secondary,full_ownership,799000.0,15666.666666666666,3,ready_to_use,0,0,1,0,0,0,812833.75
business,48.5,1980.0,10.0,otodom_photos/nowoczesne-3-pokoje-balkon-piwnica-widok-na-park-ID4wSHP/nowoczesne-3-pokoje-balkon-piwnica-widok-na-park-ID4wSHP_collage.jpg,3.6376841300423424,2.4067462052072277,5,urban,Prądnik Biały,50.0865158,19.9263292,7.0,secondary,full_ownership,799000.0,16474.22680412371,3,ready_to_use,1,1,1,0,0,1,879799.875
business,63.02,1978.0,4.0,otodom_photos/3-pok-63-02-m2-ul-heleny-biezanow-nowy-ID4wp6I/3-pok-63-02-m2-ul-heleny-biezanow-nowy-ID4wp6I_collage.jpg,7.509616838054748,8.77129897437124,2,urban,Bieżanów-Prokocim,50.012858,20.02216,3.0,secondary,limited_ownership,692000.0,10980.64106632815,3,to_renovation,1,1,1,0,0,0,778522.5625
private,52.0,1925.0,3.0,otodom_photos/wyjatkowa-przestrzen-w-sercu-krakowa-gotowe-do-zamieszkania-52-m2-ID4vB96/wyjatkowa-przestrzen-w-sercu-krakowa-gotowe-do-zamieszkania-52-m2-ID4vB96_collage.jpg,1.360797941203011,2.6816227154222685,3,electrical,Podgórze,50.0449757,19.9509326,8.0,secondary,full_ownership,1118000.0,21500.0,2,ready_to_use,1,0,1,0,0,0,1061248.125
business,55.48,1950.0,4.0,otodom_photos/cena-do-negocjacji-na-osiedlu-stalowym-ID4vgxd/cena-do-negocjacji-na-osiedlu-stalowym-ID4vgxd_collage.jpg,7.998713375048353,8.475256476737398,3,urban,Nowa Huta,50.07467,20.04779,8.0,secondary,full_ownership,884000.0,15933.669790915646,3,ready_to_use,0,0,1,0,0,1,836401.8125
private,50.0,2025.0,8.0,otodom_photos/nowe-i-wysoki-standard-i-z-widokiem-i-bez-prowizji-i-pcc-ID4vr5E/nowe-i-wysoki-standard-i-z-widokiem-i-bez-prowizji-i-pcc-ID4vr5E_collage.jpg,5.591324136215009,6.910165998430719,7,urban,Podgórze Duchackie,50.010910446387,19.977640580704,8.0,secondary,full_ownership,919000.0,18380.0,3,ready_to_use,1,0,0,0,0,1,935615.75
business,21.0,2024.0,1.0,otodom_photos/kawalerka-z-ogrodkiem-przy-ul-siewnej-ID4uyOH/kawalerka-z-ogrodkiem-przy-ul-siewnej-ID4uyOH_collage.jpg,4.881989685646852,3.9300087203574474,0,other,Prądnik Biały,50.0987,19.9466,7.0,secondary,share,299000.0,14238.09523809524,1,to_completion,0,0,0,0,0,0,290413.40625
private,35.0,2016.0,2.0,otodom_photos/mieszkanie-przy-parku-rzecznym-tonie-ID4wTuO/mieszkanie-przy-parku-rzecznym-tonie-ID4wTuO_collage.jpg,5.351495870468455,4.052313483630097,2,gas,Prądnik Biały,50.099110853133,19.910008518677,7.0,secondary,full_ownership,525000.0,15000.0,1,ready_to_use,1,0,0,0,0,0,600961.5625
business,36.0,2025.0,7.0,otodom_photos/2-pokoje-wykonczone-wysoki-standard-nowe-ID4vhOl/2-pokoje-wykonczone-wysoki-standard-nowe-ID4vhOl_collage.jpg,3.951270809822322,4.966275090656089,1,urban,Podgórze,50.0477822,19.9941876,8.0,secondary,full_ownership,685000.0,19027.777777777777,2,ready_to_use,0,0,0,0,0,1,697157.75
private,50.0,1955.0,5.0,otodom_photos/2-pokoje-oddzielna-kuchnia-al-daszynskiego-7-obok-hala-targowa-ID4vrZO/2-pokoje-oddzielna-kuchnia-al-daszynskiego-7-obok-hala-targowa-ID4vrZO_collage.jpg,0.8119099863471724,1.6442964406168388,3,urban,Grzegórzki,50.058050607195,19.950332637518,6.0,secondary,full_ownership,895000.0,17900.0,2,ready_to_use,0,1,1,1,0,1,941323.375
business,50.95,1959.0,4.0,otodom_photos/2-pokoje-kuchnia-balkon-51-m-krowodrza-ID4vCEc/2-pokoje-kuchnia-balkon-51-m-krowodrza-ID4vCEc_collage.jpg,2.9548524231768134,1.7040563791287937,2,urban,Krowodrza,50.0731855,19.9098154,8.0,secondary,full_ownership,935000.0,18351.324828263,2,ready_to_use,1,0,1,0,0,1,920593.5
business,37.0,1970.0,10.0,otodom_photos/2-pokoje-37-m2-krakow-nowa-huta-ID4vw2G/2-pokoje-37-m2-krakow-nowa-huta-ID4vw2G_collage.jpg,7.123506812829356,7.626057714996365,5,urban,Nowa Huta,50.07173386,20.03633162,4.0,secondary,full_ownership,509000.0,13756.756756756757,2,ready_to_use,0,0,1,1,0,1,503973.21875
business,28.78,1887.0,3.0,otodom_photos/mieszkanie-inwestycyjne-w-centrum-krakowa-ID4uBvT/mieszkanie-inwestycyjne-w-centrum-krakowa-ID4uBvT_collage.jpg,1.6884635848002336,1.8089386148265003,0,electrical,Grzegórzki,50.0666253,19.9552167,7.0,secondary,full_ownership,499000.0,17338.429464906185,2,ready_to_use,0,0,0,0,0,0,545734.3125
business,34.7,2005.0,2.0,otodom_photos/mieszkanie-w-kameralnym-budynku-35m2-krowodrza-ID4waTW/mieszkanie-w-kameralnym-budynku-35m2-krowodrza-ID4waTW_collage.jpg,4.171271206330215,3.020541689952702,1,gas,Bronowice,50.0752497,19.8908063,5.0,secondary,full_ownership,482000.0,13890.489913544669,1,ready_to_use,0,0,1,0,0,0,529902.875
business,54.06,2024.0,5.0,otodom_photos/3-pokoje-wykonczone-balkon-winda-m-postojowe-tramwaj-ID4vqDk/3-pokoje-wykonczone-balkon-winda-m-postojowe-tramwaj-ID4vqDk_collage.jpg,4.835692799554867,3.992662763368951,4,urban,Prądnik Biały,50.09764,19.95332,8.0,secondary,full_ownership,899000.0,16629.670736219014,3,ready_to_use,1,0,0,0,0,1,929958.5625
business,69.0,1933.0,4.0,otodom_photos/krowodrza-ul-konarskiego-mieszkanie-69m2-z-balkonem-w-kamienicy-ID4v1Cn/krowodrza-ul-konarskiego-mieszkanie-69m2-z-balkonem-w-kamienicy-ID4v1Cn_collage.jpg,2.068702098580132,0.7890458407150247,2,urban,Krowodrza,50.068937,19.9208026,4.0,secondary,full_ownership,1170000.0,16956.521739130436,2,ready_to_use,1,1,1,0,0,0,1190597.0
business,49.3,2001.0,3.0,otodom_photos/wola-justowska-2-balkony-i-widok-nowa-cena-dostepne-od-reki-ID4viA0/wola-justowska-2-balkony-i-widok-nowa-cena-dostepne-od-reki-ID4viA0_collage.jpg,3.95283797701974,3.147834432383934,1,boiler_room,Zwierzyniec,50.0629189,19.8860194,5.0,secondary,full_ownership,770000.0,15618.661257606493,2,ready_to_use,1,0,0,0,0,0,878894.5625
business,34.97,1921.0,4.0,otodom_photos/funkcjonalne-mieszkanie-z-balkonem-sereno-fenna-ID4vpLN/funkcjonalne-mieszkanie-z-balkonem-sereno-fenna-ID4vpLN_collage.jpg,0.915631068133204,0.6886037593848352,3,urban,Stare Miasto,50.06322,19.93924,3.0,secondary,full_ownership,650000.0,18587.36059479554,1,ready_to_use,1,1,1,0,0,1,762375.75
business,37.5,1970.0,4.0,otodom_photos/zadbane-2-pokojowe-w-rejonie-placu-bienczyckiego-ID4vq6R/zadbane-2-pokojowe-w-rejonie-placu-bienczyckiego-ID4vq6R_collage.jpg,7.418920362257083,7.587792770850035,3,urban,Bieńczyce,50.08872,20.0297,4.0,secondary,full_ownership,559000.0,14906.666666666666,2,ready_to_use,0,1,1,1,0,0,552150.6875
business,34.0,2015.0,3.0,otodom_photos/kawalerka-nowa-huta-os-urocze-34-m2-nizsza-cena-ID4w9Ji/kawalerka-nowa-huta-os-urocze-34-m2-nizsza-cena-ID4w9Ji_collage.jpg,7.325949568298583,7.713422004988195,2,urban,Nowa Huta,50.0780618,20.0361458,3.0,secondary,full_ownership,425000.0,12500.0,1,to_renovation,0,1,1,0,0,0,437608.1875
business,52.64,2010.0,5.0,otodom_photos/2-pokojowe-mieszkanie-z-ogrodkiem-ruczaj-piltza-ID4wVkZ/2-pokojowe-mieszkanie-z-ogrodkiem-ruczaj-piltza-ID4wVkZ_collage.jpg,6.063186130382997,6.65752461390449,0,urban,Dębniki,50.010891,19.890094,8.0,secondary,full_ownership,710000.0,13487.841945288754,2,ready_to_use,1,0,0,1,1,1,736258.25
business,38.0,1987.0,10.0,otodom_photos/dwupokojowe-po-remoncie-krowodrza-azory-ID4vDke/dwupokojowe-po-remoncie-krowodrza-azory-ID4vDke_collage.jpg,3.897577474258881,2.59016674335946,7,urban,Prądnik Biały,50.086525470169,19.916127704252,7.0,secondary,limited_ownership,624000.0,16421.052631578947,2,ready_to_use,1,1,1,0,0,1,614371.875
business,46.45,2005.0,4.0,otodom_photos/felinskiego-gorka-narodowa-2-pokojowe-balkon-rozkladowe-ID4wP42/felinskiego-gorka-narodowa-2-pokojowe-balkon-rozkladowe-ID4wP42_collage.jpg,5.407016507225066,4.75210492972911,1,boiler_room,Prądnik Biały,50.1003008,19.9675404,5.0,secondary,full_ownership,670000.0,14424.111948331538,2,ready_to_use,1,1,1,0,0,0,678053.4375
private,65.5,2024.0,5.0,otodom_photos/nowe-m3-bezposrednio-2-lazienki-oddzielna-kuchnia-komorka-parking-ID4vDzZ/nowe-m3-bezposrednio-2-lazienki-oddzielna-kuchnia-komorka-parking-ID4vDzZ_collage.jpg,4.26442322101967,5.287167707891443,3,urban,Podgórze,50.046558849921,19.998261789436,8.0,secondary,full_ownership,1129000.0,17236.641221374044,3,ready_to_use,1,1,1,0,0,1,1101145.25
business,115.0,2003.0,1.0,otodom_photos/mieszkanie-4-pokojowe-pradnik-bialy-ID4vD4V/mieszkanie-4-pokojowe-pradnik-bialy-ID4vD4V_collage.jpg,4.881306420378992,3.755581568116184,1,other,Prądnik Biały,50.0987,19.9335,6.0,secondary,full_ownership,1395000.0,12130.434782608696,4,ready_to_use,0,0,0,0,0,0,1595557.625
business,50.0,2016.0,3.0,otodom_photos/3-pokoje-wyposazone-do-wejscia-balkon-ID4vDM7/3-pokoje-wyposazone-do-wejscia-balkon-ID4vDM7_collage.jpg,7.762660450376472,8.66254877134279,3,urban,Swoszowice,49.9885464,19.9067079,8.0,secondary,full_ownership,670000.0,13400.0,3,ready_to_use,1,0,0,1,0,0,698948.1875
business,56.61,2017.0,3.0,otodom_photos/zamkniete-osiedle-3-pok-56m2-ul-sosnowiecka-ID4vnDE/zamkniete-osiedle-3-pok-56m2-ul-sosnowiecka-ID4vnDE_collage.jpg,5.589064703974162,4.2832474098924695,1,urban,Prądnik Biały,50.093272,19.8892306,7.0,secondary,full_ownership,895000.0,15809.927574633455,3,ready_to_use,0,0,0,0,0,1,905760.125
business,63.59,1940.0,1.0,otodom_photos/oferta-idealna-pod-inwestycje-roi-ok-9-65-ul-malborska-krakow-ID4vdn8/oferta-idealna-pod-inwestycje-roi-ok-9-65-ul-malborska-krakow-ID4vdn8_collage.jpg,4.054108762053395,5.375102894523071,0,gas,Podgórze Duchackie,50.0237843,19.9693309,6.0,secondary,full_ownership,659000.0,10363.264664255386,3,ready_to_use,0,0,0,0,0,0,817558.6875
business,30.0,1975.0,10.0,otodom_photos/zrob-2-pokoje-1-pietro-szlaban-duzo-zieleni-ID4wzSN/zrob-2-pokoje-1-pietro-szlaban-duzo-zieleni-ID4wzSN_collage.jpg,3.510351973861768,2.2617930005031432,1,urban,Prądnik Biały,50.0851061,19.92519930435,3.0,secondary,full_ownership,480000.0,16000.0,1,to_renovation,0,1,0,0,0,1,478776.96875
private,52.55,2024.0,3.0,otodom_photos/nowy-apartament-premium-bezpieczny-bez-pcc-gotowy-do-zamieszkania-ID4v3Tw/nowy-apartament-premium-bezpieczny-bez-pcc-gotowy-do-zamieszkania-ID4v3Tw_collage.jpg,5.068947239606215,6.240227334064183,3,urban,Podgórze,50.0346772,20.0035412,8.0,secondary,full_ownership,998400.0,18999.04852521408,3,ready_to_use,1,0,0,1,1,1,1004092.5
business,49.0,2004.0,3.0,otodom_photos/obozowa-2-mieszkania-49-lub-50-m-taras-garaz-ID4v0FI/obozowa-2-mieszkania-49-lub-50-m-taras-garaz-ID4v0FI_collage.jpg,4.761697807071531,5.566680555224224,0,urban,Dębniki,50.0164554,19.9109517,4.0,secondary,full_ownership,585000.0,11938.77551020408,1,ready_to_use,1,1,0,1,0,0,630100.75
business,48.5,1984.0,10.0,otodom_photos/rusznikarska-krowodrza-po-remoncie-kapitalnym-widokowe-ladne-ID4tUie/rusznikarska-krowodrza-po-remoncie-kapitalnym-widokowe-ladne-ID4tUie_collage.jpg,3.556762356805637,2.319814099921916,5,urban,Prądnik Biały,50.085708,19.92605,5.0,secondary,full_ownership,799000.0,16474.22680412371,3,ready_to_use,1,1,1,0,0,1,896314.1875
business,49.46,2014.0,10.0,otodom_photos/podgorze-wola-duchacka-3-pokojowe-w-nowym-budownictwie-z-2014-roku-ID4vgKi/podgorze-wola-duchacka-3-pokojowe-w-nowym-budownictwie-z-2014-roku-ID4vgKi_collage.jpg,4.423443542911479,5.666011693868968,7,urban,Podgórze Duchackie,50.015832142014,19.950831790509,5.0,secondary,full_ownership,675000.0,13647.39183178326,3,ready_to_use,1,0,0,0,0,1,723026.5625
private,27.83,2018.0,6.0,otodom_photos/kawalerka-ul-sikorki-miejsce-postojowe-komorka-lokatorska-w-cenie-ID4v30y/kawalerka-ul-sikorki-miejsce-postojowe-komorka-lokatorska-w-cenie-ID4v30y_collage.jpg,5.6238059381992205,6.282764010946815,1,urban,Czyżyny,50.062418289826,20.017926671164,7.0,secondary,full_ownership,535727.0,19249.9820337765,1,ready_to_use,1,0,1,0,0,1,554490.5625
business,52.5,2010.0,7.0,otodom_photos/mieszkanie-2-pokojowe-w-doskonalej-lokalizacj-ID4vDeH/mieszkanie-2-pokojowe-w-doskonalej-lokalizacj-ID4vDeH_collage.jpg,4.6080714192503125,3.3830461810085053,1,urban,Bronowice,50.080848,19.889535,6.0,secondary,full_ownership,850000.0,16190.47619047619,2,ready_to_use,1,0,0,0,0,1,931290.4375
business,36.8,2024.0,4.0,otodom_photos/mieszkanie-2-pokojowe-w-inwestycji-noho-ID4vCLU/mieszkanie-2-pokojowe-w-inwestycji-noho-ID4vCLU_collage.jpg,2.941593108405398,3.3299411587213927,2,urban,Grzegórzki,50.0672535,19.976521,5.0,secondary,full_ownership,772763.0,20998.994565217392,2,to_completion,1,0,1,0,0,1,786804.8125
private,37.05,1997.0,5.0,otodom_photos/2-pokojowe-mieszkanie-37m2-z-balkonem-bez-prowizji-ID4rR3T/2-pokojowe-mieszkanie-37m2-z-balkonem-bez-prowizji-ID4rR3T_collage.jpg,2.986626986555215,3.802747127066775,5,gas,Dębniki,50.031408594998,19.920006144402,7.0,secondary,limited_ownership,574000.0,15492.577597840756,2,ready_to_use,1,0,1,1,0,0,585719.3125
private,28.0,2004.0,4.0,otodom_photos/zakrzowek-residence-z-gwarancja-najmu-ID4vb3F/zakrzowek-residence-z-gwarancja-najmu-ID4vb3F_collage.jpg,4.181602435582696,4.915655591371669,4,urban,Dębniki,50.0226935,19.9100304,7.0,primary,full_ownership,485000.0,17321.428571428572,1,ready_to_use,1,0,0,0,0,0,486565.65625
private,51.4,2006.0,4.0,otodom_photos/2-pokoje-ul-wielicka-cieple-jasne-i-przytulne-bezposrednio-ID4vouN/2-pokoje-ul-wielicka-cieple-jasne-i-przytulne-bezposrednio-ID4vouN_collage.jpg,4.016781464579711,5.3330381941823095,4,urban,Podgórze,50.02672714893,19.975010163587,7.0,secondary,full_ownership,680000.0,13229.571984435795,2,ready_to_use,0,0,1,1,0,0,793826.8125
business,57.93,2024.0,2.0,otodom_photos/bronowice-wielkie-apartament-3-pokoje-gotowy-ID4vDlz/bronowice-wielkie-apartament-3-pokoje-gotowy-ID4vDlz_collage.jpg,5.81116665278654,4.49961664150345,0,urban,Prądnik Biały,50.0956936,19.8889061,8.0,secondary,full_ownership,846331.0,14609.546003797686,3,to_completion,0,0,0,1,1,1,867719.125
business,50.65,1897.0,4.0,otodom_photos/ul-jana-sobieskiego-kamienica-centrum-ID4v7pj/ul-jana-sobieskiego-kamienica-centrum-ID4v7pj_collage.jpg,1.5728363316708822,0.3447970760934964,3,gas,Stare Miasto,50.06799,19.93128,4.0,secondary,full_ownership,1100000.0,21717.670286278382,2,ready_to_use,0,1,1,0,0,0,909362.5625
business,70.83,1960.0,3.0,otodom_photos/krowodrza-2-sypialnie-salon-balkon-i-piwnica-ID4v1YP/krowodrza-2-sypialnie-salon-balkon-i-piwnica-ID4v1YP_collage.jpg,2.416036702549007,1.2296109032639746,1,gas,Krowodrza,50.07602,19.93143,7.0,secondary,full_ownership,999000.0,14104.193138500636,3,ready_to_use,1,0,1,0,0,0,1061237.875
business,30.6,2024.0,1.0,otodom_photos/kawalerka-z-przyziemiem-ID4rlcQ/kawalerka-z-przyziemiem-ID4rlcQ_collage.jpg,4.747120887827185,3.796383925675925,0,gas,Prądnik Biały,50.0975,19.9463,8.0,secondary,share,350000.0,11437.908496732023,2,to_completion,0,0,0,0,0,0,350127.0625
business,41.13,2024.0,7.0,otodom_photos/promocja-2-pokoje-stan-developerski-widok-na-park-ID4wHYd/promocja-2-pokoje-stan-developerski-widok-na-park-ID4wHYd_collage.jpg,3.916638704315384,4.9212385066157855,4,urban,Podgórze,50.04835,19.99387,8.0,secondary,full_ownership,625000.0,15195.720884998784,2,ready_to_use,1,0,0,0,0,1,707611.75
business,52.3,2017.0,5.0,otodom_photos/kurdwanow-duze-ustawne-2-pokojowe-parter-ID4vt4t/kurdwanow-duze-ustawne-2-pokojowe-parter-ID4vt4t_collage.jpg,5.042446147796994,6.319800873673244,0,urban,Podgórze Duchackie,50.011418742108,19.95951270741,4.0,secondary,limited_ownership,580000.0,11089.866156787764,2,ready_to_use,1,1,1,1,0,0,706505.6875
business,62.0,1980.0,4.0,otodom_photos/3-pokojowe-wola-duchacka-zachod-sas-zubrzyckiego-ID4vBRE/3-pokojowe-wola-duchacka-zachod-sas-zubrzyckiego-ID4vBRE_collage.jpg,4.220661199269397,5.458174090230547,3,urban,Podgórze Duchackie,50.0175338,19.9494756,4.0,secondary,full_ownership,720000.0,11612.90322580645,3,to_completion,1,1,1,0,0,0,755900.125
business,55.9,2015.0,3.0,otodom_photos/spokoj-zielen-i-komfort-2-pokoje-ul-przewoz-ID4wVz1/spokoj-zielen-i-komfort-2-pokoje-ul-przewoz-ID4wVz1_collage.jpg,3.673220889057236,4.790176378556415,0,urban,Podgórze,50.04376715,19.98837924,8.0,secondary,full_ownership,850000.0,15205.72450805009,2,ready_to_use,1,0,0,0,0,1,855579.125
business,31.25,2025.0,5.0,otodom_photos/ustawne-2-pok-nowe-budownictwo-5-p-ID4vCOK/ustawne-2-pok-nowe-budownictwo-5-p-ID4vCOK_collage.jpg,4.21212064736423,5.224686386657481,5,urban,Podgórze,50.047203215467,19.99773119663,8.0,secondary,full_ownership,499999.0,15999.968,2,to_completion,1,0,0,0,0,1,517758.65625
business,84.25,1986.0,10.0,otodom_photos/mieszkanie-5-pok-z-widokiem-blisko-ch-bonarka-ID4vBSy/mieszkanie-5-pok-z-widokiem-blisko-ch-bonarka-ID4vBSy_collage.jpg,3.71815899319897,5.025954920371137,9,urban,Podgórze Duchackie,50.0242479,19.960445,4.0,secondary,full_ownership,869000.0,10314.54005934718,5,to_renovation,1,1,1,0,0,0,949369.25
business,43.6,1972.0,4.0,otodom_photos/krowodrza-ul-krolewska-2-pokoje-po-remoncie-ID4t4N0/krowodrza-ul-krolewska-2-pokoje-po-remoncie-ID4t4N0_collage.jpg,2.442855077074912,1.1367273672922171,3,urban,Krowodrza,50.0721637,19.9186379,6.0,secondary,limited_ownership,750000.0,17201.83486238532,2,ready_to_use,1,1,1,0,0,1,772300.5625
business,19.0,2006.0,5.0,otodom_photos/1-pokojowe-blok-z-winda-bronowice-wielkie-ID4vDJH/1-pokojowe-blok-z-winda-bronowice-wielkie-ID4vDJH_collage.jpg,4.24401127990846,2.939439372572328,4,urban,Prądnik Biały,50.0841052,19.9015324,5.0,secondary,full_ownership,399000.0,21000.0,1,ready_to_use,0,0,0,0,0,1,407026.875
business,49.59,1958.0,4.0,otodom_photos/dwupokojowe-mieszkanie-inwestycyjne-ID4wZCy/dwupokojowe-mieszkanie-inwestycyjne-ID4wZCy_collage.jpg,1.5433371689184152,2.426781989087819,4,urban,Grzegórzki,50.0567162,19.961452,4.0,secondary,full_ownership,699000.0,14095.58378705384,2,to_renovation,0,0,1,0,0,0,695514.6875
business,34.5,1950.0,6.0,otodom_photos/mieszkanie-z-potencjalemmazowiecka-ID4v9ys/mieszkanie-z-potencjalemmazowiecka-ID4v9ys_collage.jpg,2.141227104897171,0.921880646590788,6,urban,Krowodrza,50.073282324707,19.930579464611,3.0,secondary,full_ownership,550000.0,15942.028985507246,1,to_renovation,1,1,1,0,0,1,546681.6875
private,35.2,2008.0,4.0,otodom_photos/mieszkanie-krakow-miechowity-35-2-m2-ID4vDkL/mieszkanie-krakow-miechowity-35-2-m2-ID4vDkL_collage.jpg,3.808127786616684,3.4636560981825704,3,urban,Prądnik Czerwony,50.083938682691,19.968533998425,3.0,secondary,full_ownership,489000.0,13892.045454545454,1,to_renovation,0,0,1,0,0,0,483868.53125
private,57.5,2022.0,10.0,otodom_photos/3-pokojowe-mieszkanie-z-balkonem-os-podwawelskie-ludwinow-7-pietro-ID4w9nc/3-pokojowe-mieszkanie-z-balkonem-os-podwawelskie-ludwinow-7-pietro-ID4w9nc_collage.jpg,1.455375110181334,2.455803310455266,7,urban,Dębniki,50.042953,19.932032,6.0,secondary,limited_ownership,999920.0,17389.91304347826,3,ready_to_use,1,1,1,1,0,1,1003028.0625
business,20.0,1960.0,4.0,otodom_photos/krowodrza-ul-juliusza-lea-kawalerka-20m2-pod-inwestycje-ID4v9DT/krowodrza-ul-juliusza-lea-kawalerka-20m2-pod-inwestycje-ID4v9DT_collage.jpg,3.0636622826353026,1.86200093284111,4,urban,Krowodrza,50.0721523,19.906411,4.0,secondary,full_ownership,395000.0,19750.0,1,to_completion,0,0,0,0,0,0,378202.90625
business,36.0,1971.0,10.0,otodom_photos/mieszkanie-do-remontu-inwestycyjne-pod-wynajem-ID4vDcc/mieszkanie-do-remontu-inwestycyjne-pod-wynajem-ID4vDcc_collage.jpg,6.778567913829989,6.953749740377035,8,urban,Bieńczyce,50.08599,20.02179,3.0,secondary,full_ownership,420000.0,11666.666666666666,2,to_renovation,0,0,0,0,0,0,496662.65625
private,50.8,2018.0,7.0,otodom_photos/zablocie-50-8-m-2-pokoje-garderoba-garaz-ID4v2xv/zablocie-50-8-m-2-pokoje-garderoba-garaz-ID4v2xv_collage.jpg,1.7420181004122224,2.895619978486458,5,urban,Podgórze,50.049942400414,19.963092724081,8.0,secondary,full_ownership,1065000.0,20964.56692913386,2,ready_to_use,1,0,1,0,0,1,1008339.875
business,62.26,2018.0,6.0,otodom_photos/mieszkanie-dla-rodziny-ID4vtqs/mieszkanie-dla-rodziny-ID4vtqs_collage.jpg,5.0165770695657805,5.692037170115328,2,urban,Czyżyny,50.06145,20.00955,6.0,secondary,full_ownership,920000.0,14776.74269193704,3,ready_to_use,1,0,0,0,0,1,1039428.25
business,17.2,2024.0,1.0,otodom_photos/kawalerka-z-wykonczona-lazienka-ID4rlcR/kawalerka-z-wykonczona-lazienka-ID4rlcR_collage.jpg,4.761694232712789,3.8180206639365126,0,gas,Prądnik Biały,50.0976,19.9468,8.0,secondary,share,250000.0,14534.883720930233,1,to_completion,0,0,0,0,0,0,245638.359375
business,45.0,1970.0,3.0,otodom_photos/pachnace-nowoscia-swiezo-po-remoncie-pradnicka-ID4tAxZ/pachnace-nowoscia-swiezo-po-remoncie-pradnicka-ID4tAxZ_collage.jpg,3.225920992578275,2.2235267125317324,0,urban,Prądnik Biały,50.0840106,19.9396634,7.0,secondary,full_ownership,739000.0,16422.222222222223,3,ready_to_use,1,1,1,1,0,0,767653.4375
private,52.0,2022.0,4.0,otodom_photos/wyjatkowe-mieszkanie-52m-na-granicy-krakowa-ID4v2K9/wyjatkowe-mieszkanie-52m-na-granicy-krakowa-ID4v2K9_collage.jpg,10.344559435461552,11.55767739062034,4,gas,Wieliczka,50.004896051407854,20.06202273010253,8.0,secondary,full_ownership,749000.0,14403.846153846154,2,ready_to_use,1,0,0,0,1,0,675306.5
business,50.0,2015.0,2.0,otodom_photos/osobna-kuchnia-miejsce-park-piwnica-zielen-ID4vyPx/osobna-kuchnia-miejsce-park-piwnica-zielen-ID4vyPx_collage.jpg,8.061458729688317,8.655421271696488,1,urban,Nowa Huta,50.0676702,20.0511937,3.0,secondary,full_ownership,649000.0,12980.0,3,ready_to_use,0,0,1,1,0,0,695115.625
private,30.77,2015.0,4.0,otodom_photos/mieszkanie-31m-2-pokoje-po-generalnym-remoncie-ID4vvtS/mieszkanie-31m-2-pokoje-po-generalnym-remoncie-ID4vvtS_collage.jpg,7.58486501405425,8.10724231142253,1,urban,Nowa Huta,50.07136615945,20.043155465329,8.0,secondary,full_ownership,469000.0,15242.118947026323,2,ready_to_use,0,0,1,0,0,0,511348.46875
business,98.85,1998.0,4.0,otodom_photos/przestronne-mieszkanie-w-spokojnej-okolicy-ID4wo3i/przestronne-mieszkanie-w-spokojnej-okolicy-ID4wo3i_collage.jpg,5.2389468928582135,6.522580754225871,2,urban,Podgórze Duchackie,50.010026437131,19.961861502686,4.0,secondary,full_ownership,1285000.0,12999.494183105717,4,ready_to_use,1,1,1,0,0,0,1329703.625
business,77.39,2011.0,3.0,otodom_photos/3pokoje-taras-winda-m-postojowe-k-lokatorska-ID4v1uh/3pokoje-taras-winda-m-postojowe-k-lokatorska-ID4v1uh_collage.jpg,5.521269461209792,4.2005623316016925,2,boiler_room,Prądnik Biały,50.0960209,19.8964045,7.0,secondary,full_ownership,1099000.0,14200.801137097817,3,ready_to_use,1,0,0,1,0,1,1142666.625
business,103.0,2017.0,1.0,otodom_photos/4m-taras-10m2-garaz-18m2-kameralne-osiedle-2017r-ID4vDbG/4m-taras-10m2-garaz-18m2-kameralne-osiedle-2017r-ID4vDbG_collage.jpg,5.2817306434204925,6.595853450692513,1,urban,Bieżanów-Prokocim,50.01829,19.98693,8.0,secondary,full_ownership,1249000.0,12126.213592233007,4,ready_to_use,1,0,0,0,0,0,1363543.5
business,50.0,2005.0,3.0,otodom_photos/mieszkanie-2-pokojowe-z-balkonem-ID4vCLg/mieszkanie-2-pokojowe-z-balkonem-ID4vCLg_collage.jpg,5.052916413631479,5.825462644670316,3,urban,Dębniki,50.0146502,19.9074597,7.0,secondary,full_ownership,720000.0,14400.0,2,ready_to_use,1,1,1,0,0,0,698651.9375
business,72.86,2018.0,5.0,otodom_photos/przestronne-3-pok-mieszkanie-z-balkonem-os-ozon-ID4wQPp/przestronne-3-pok-mieszkanie-z-balkonem-os-ozon-ID4wQPp_collage.jpg,5.372676854502089,4.581788850242165,1,urban,Prądnik Biały,50.1017433,19.959063048618,8.0,secondary,full_ownership,1085000.0,14891.572879494925,3,ready_to_use,1,0,0,0,0,1,1113181.75
business,52.99,2009.0,4.0,otodom_photos/felinskiego-3-pokoje-sprzedaz-ID4vB5J/felinskiego-3-pokoje-sprzedaz-ID4vB5J_collage.jpg,5.467738546879135,4.811120273123415,3,urban,Prądnik Biały,50.100812,19.96784,6.0,secondary,full_ownership,800000.0,15097.188148707302,3,ready_to_use,1,1,0,0,0,1,845476.75
private,38.0,2005.0,3.0,otodom_photos/sprzedam-mieszkanie-z-piwniczka-ID4v31Y/sprzedam-mieszkanie-z-piwniczka-ID4v31Y_collage.jpg,3.5461545897129603,2.309075926582938,2,urban,Bronowice,50.0758682,19.9024312,3.0,secondary,full_ownership,497000.0,13078.947368421052,1,ready_to_use,0,0,1,0,0,0,634147.875
business,39.93,2024.0,7.0,otodom_photos/2-pokoje-w-nowym-budownictwie-na-zakolu-wisly-ID4urNf/2-pokoje-w-nowym-budownictwie-na-zakolu-wisly-ID4urNf_collage.jpg,3.1959013962242366,4.107216421976624,3,urban,Podgórze,50.0535652,19.98470848,8.0,secondary,full_ownership,685000.0,17155.021287252694,2,ready_to_use,1,0,0,0,0,1,721954.3125
private,34.7,2007.0,6.0,otodom_photos/kawalerka-35m2-z-antresola-10m2-prywatne-miejsce-parkingowe-ID4vCsB/kawalerka-35m2-z-antresola-10m2-prywatne-miejsce-parkingowe-ID4vCsB_collage.jpg,4.471415733764518,3.161668539395604,6,urban,Prądnik Biały,50.086207157719,19.900488127497,5.0,secondary,full_ownership,635000.0,18299.71181556196,1,ready_to_use,1,0,0,0,0,1,567535.25
business,45.02,2007.0,8.0,otodom_photos/na-sprzedaz-wyposazone-pod-klucz-mieszkanie-2-pok-ID4vB2a/na-sprzedaz-wyposazone-pod-klucz-mieszkanie-2-pok-ID4vB2a_collage.jpg,3.2902476299636723,3.392557431091671,1,other,Prądnik Czerwony,50.073901,19.975466,7.0,secondary,full_ownership,839520.0,18647.71212794313,2,ready_to_use,1,1,0,0,0,1,715061.4375
business,53.0,2008.0,10.0,otodom_photos/3pokoje-kuchnia-pradnik-czerwony-olsza-pod-wynajem-lub-dla-rodziny-ID4vpvs/3pokoje-kuchnia-pradnik-czerwony-olsza-pod-wynajem-lub-dla-rodziny-ID4vpvs_collage.jpg,3.5419770386321257,3.394495180318894,1,urban,Prądnik Czerwony,50.0793622,19.971971,4.0,secondary,full_ownership,699000.0,13188.67924528302,3,ready_to_use,1,1,1,0,0,1,862420.5625
business,42.0,2004.0,7.0,otodom_photos/widokowe-2-pok-z-garderoba-42m2-biezanow-prokocim-ID4vmC4/widokowe-2-pok-z-garderoba-42m2-biezanow-prokocim-ID4vmC4_collage.jpg,7.4138775992776385,8.705679185540824,6,urban,Bieżanów-Prokocim,50.00855215,20.014465872635,7.0,secondary,full_ownership,599000.0,14261.90476190476,2,ready_to_use,1,0,1,0,0,1,602085.25
business,64.0,2025.0,5.0,otodom_photos/dwustronne-2-lazienki-2-m-postojowe-komorka-ID4vBds/dwustronne-2-lazienki-2-m-postojowe-komorka-ID4vBds_collage.jpg,4.06112563810931,5.073771250438263,4,urban,Podgórze,50.0476,19.9957,8.0,secondary,full_ownership,1199000.0,18734.375,4,ready_to_use,1,0,1,0,0,1,1206779.375
business,50.0,2015.0,3.0,otodom_photos/apartament-z-winda-stare-miasto-przy-hali-targowej-ID4wRRR/apartament-z-winda-stare-miasto-przy-hali-targowej-ID4wRRR_collage.jpg,6.405172203231671,6.763962299914908,0,urban,Nowa Huta,50.07707,20.02289,6.0,secondary,limited_ownership,895000.0,17900.0,2,ready_to_use,0,0,0,0,0,1,702146.0
private,48.28,2024.0,8.0,otodom_photos/mieszkanie-48-28-mkw-i-pietro-3-pokoje-ID4wt3E/mieszkanie-48-28-mkw-i-pietro-3-pokoje-ID4wt3E_collage.jpg,5.449627248921548,6.767060046523768,1,urban,Podgórze Duchackie,50.0116275,19.975527,8.0,secondary,full_ownership,769900.0,15946.561723280862,3,ready_to_use,1,0,1,1,0,1,817415.75
business,66.13,2016.0,6.0,otodom_photos/ruczaj-pralnia-garderoba-taras-widokowe-klimatyzacja-ID4uuOg/ruczaj-pralnia-garderoba-taras-widokowe-klimatyzacja-ID4uuOg_collage.jpg,3.597194345459328,4.424617651121455,5,urban,Dębniki,50.0260056,19.9176594,8.0,secondary,full_ownership,849000.0,12838.348707092093,2,ready_to_use,1,1,0,0,1,1,851614.8125
business,65.69,2006.0,6.0,otodom_photos/ruczaj-przestronne-3-pok-mieszkanie-66m2-balkon-miejsce-postojowe-ID4vCrR/ruczaj-przestronne-3-pok-mieszkanie-66m2-balkon-miejsce-postojowe-ID4vCrR_collage.jpg,5.44111467642513,6.0555871373524335,4,urban,Dębniki,50.0152025,19.8956743,5.0,secondary,full_ownership,990000.0,15070.787029989344,3,ready_to_use,1,0,0,0,0,1,1011336.1875
business,69.0,1933.0,4.0,otodom_photos/krowodrza-ul-konarskiego-mieszkanie-69m2-z-balkonem-w-kamienicy-ID4v1Cn/krowodrza-ul-konarskiego-mieszkanie-69m2-z-balkonem-w-kamienicy-ID4v1Cn_collage.jpg,2.068702098580132,0.7890458407150247,2,urban,Krowodrza,50.068937,19.9208026,4.0,secondary,full_ownership,1170000.0,16956.521739130436,2,ready_to_use,1,1,1,0,0,0,1190597.0
private,46.63,1912.0,3.0,otodom_photos/wyjatkowe-stylowe-poddasze-na-starym-podgorzu-gotowe-do-zamieszkania-ID4vCvx/wyjatkowe-stylowe-poddasze-na-starym-podgorzu-gotowe-do-zamieszkania-ID4vCvx_collage.jpg,1.50149048698001,2.777308588470046,0,electrical,Podgórze,50.0417937,19.9443856,8.0,secondary,full_ownership,862600.0,18498.82050182286,2,ready_to_use,0,0,0,0,0,0,837437.375
private,65.1,1994.0,10.0,otodom_photos/mieszkanie-3-pok-bezposrednio-wysockiej-krakow-ID4v2Ib/mieszkanie-3-pok-bezposrednio-wysockiej-krakow-ID4v2Ib_collage.jpg,4.911744967078334,5.278648755517543,4,urban,Czyżyny,50.07285406581477,20.00294020889284,7.0,secondary,full_ownership,1200000.0,18433.179723502304,3,ready_to_use,1,0,1,0,0,1,950795.875
business,77.34,2012.0,2.0,otodom_photos/wola-justowska-mieszkanie-sprzedaz-llas-wolski-ID4vrGp/wola-justowska-mieszkanie-sprzedaz-llas-wolski-ID4vrGp_collage.jpg,4.952877047442051,4.295870569562742,2,gas,Zwierzyniec,50.05809,19.87079,8.0,secondary,full_ownership,1210000.0,15645.2029997414,3,ready_to_use,1,0,0,0,0,0,1395167.875
business,47.53,1980.0,10.0,otodom_photos/2-niezalezne-pokoje-wola-duchacka-duzo-swiatla-ID4wXFx/2-niezalezne-pokoje-wola-duchacka-duzo-swiatla-ID4wXFx_collage.jpg,4.722761764860863,6.015990581340243,2,urban,Podgórze Duchackie,50.014913,19.96185,6.0,secondary,full_ownership,659000.0,13864.927414264675,2,ready_to_use,1,1,1,0,0,1,674133.4375
private,75.1,2020.0,2.0,otodom_photos/przestronne-gotowe-4-pokojowe-mieszkanie-75-10m-bronowice-wielkie-ID4vDfF/przestronne-gotowe-4-pokojowe-mieszkanie-75-10m-bronowice-wielkie-ID4vDfF_collage.jpg,5.044496420498993,3.732541860379238,1,gas,Prądnik Biały,50.095484090878,19.908100054028,8.0,secondary,full_ownership,1199000.0,15965.37949400799,4,ready_to_use,1,0,0,0,0,1,1274802.125
business,67.0,1956.0,3.0,otodom_photos/krowodrza-ul-spokojna-3-pokojowe-mieszkanie-67m2-w-kamienicy-ID4v9CT/krowodrza-ul-spokojna-3-pokojowe-mieszkanie-67m2-w-kamienicy-ID4v9CT_collage.jpg,2.245870289360985,1.007567529532978,3,urban,Krowodrza,50.0690154,19.9173452,5.0,secondary,full_ownership,899000.0,13417.910447761196,3,ready_to_use,0,0,0,0,0,0,1084208.25
business,40.0,2013.0,40.0,otodom_photos/2-pok-z-mozliwoscia-wydzielenia-kuchni-zdunow-18c-duzy-balkon-ID4vCVV/2-pok-z-mozliwoscia-wydzielenia-kuchni-zdunow-18c-duzy-balkon-ID4vCVV_collage.jpg,4.310066159482468,5.273103731318471,1,urban,Łagiewniki-Borek Fałęcki,50.017783328669,19.923133481445,7.0,secondary,full_ownership,619000.0,15475.0,2,ready_to_use,1,1,0,0,0,0,688271.1875
private,50.0,2013.0,2.0,otodom_photos/dwupoziomowe-mieszkanie-nad-zalewem-35-15m2-antresola-loft-ID4v7Gx/dwupoziomowe-mieszkanie-nad-zalewem-35-15m2-antresola-loft-ID4v7Gx_collage.jpg,2.858783860476282,4.103673817966967,2,gas,Podgórze,50.040740685331,19.973314716919,9.0,secondary,full_ownership,850000.0,17000.0,1,ready_to_use,1,0,0,0,0,0,800894.5
private,77.5,1938.0,3.0,otodom_photos/mieszkanie-pod-firme-77-5-m2-top-lokalizacja-od-wlasciciela-ID4vcsc/mieszkanie-pod-firme-77-5-m2-top-lokalizacja-od-wlasciciela-ID4vcsc_collage.jpg,3.7366532789598734,2.4861132915150908,0,urban,Bronowice,50.077508202005,19.901126640198,5.0,secondary,full_ownership,1279500.0,16509.677419354837,4,ready_to_use,0,1,1,1,0,0,1242380.625
business,53.13,2019.0,3.0,otodom_photos/funkcjonalne-mieszkanie-w-spokojnej-okolicy-ID4wjUH/funkcjonalne-mieszkanie-w-spokojnej-okolicy-ID4wjUH_collage.jpg,9.24629486788792,10.39605516535382,2,urban,Bieżanów-Prokocim,50.018726335476,20.056496575179,8.0,secondary,full_ownership,715000.0,13457.556935817804,3,ready_to_use,1,0,0,0,0,0,723219.875
business,57.0,1980.0,10.0,otodom_photos/sloneczne-mieszkanie-z-balkonem-w-zielonej-okolicy-ID4wW1q/sloneczne-mieszkanie-z-balkonem-w-zielonej-okolicy-ID4wW1q_collage.jpg,5.046395659992793,6.3550599905086615,5,urban,Podgórze Duchackie,50.013461711475,19.96846139431,6.0,secondary,full_ownership,699000.0,12263.157894736842,3,ready_to_use,1,1,1,0,0,1,742217.5625
business,37.0,2018.0,7.0,otodom_photos/swietna-lokalizacja-inwestycja-blisko-centrum-ID4vDng/swietna-lokalizacja-inwestycja-blisko-centrum-ID4vDng_collage.jpg,1.7452641545133418,2.9016878911331467,5,urban,Podgórze,50.049844,19.963088,7.0,secondary,full_ownership,736300.0,19900.0,1,ready_to_use,1,0,0,0,0,1,780442.0
business,79.0,2023.0,5.0,otodom_photos/apartament-do-wejscia-idealny-rozklad-pomieszczen-4-pok-2-lazienki-ID4vwHQ/apartament-do-wejscia-idealny-rozklad-pomieszczen-4-pok-2-lazienki-ID4vwHQ_collage.jpg,2.002460807078792,3.2055412246921247,3,boiler_room,Podgórze,50.047114409368,19.965214422063,8.0,secondary,full_ownership,1380000.0,17468.354430379746,4,ready_to_use,1,0,0,1,0,1,1541989.125
private,41.0,2014.0,3.0,otodom_photos/dwupokojowe-mieszkanie-z-dwoma-ogrodkami-ID4vugC/dwupokojowe-mieszkanie-z-dwoma-ogrodkami-ID4vugC_collage.jpg,7.762660450376472,8.66254877134279,0,gas,Swoszowice,49.9885464,19.9067079,7.0,secondary,full_ownership,630000.0,15365.853658536584,2,ready_to_use,0,0,0,0,0,0,559944.5
business,48.67,2024.0,7.0,otodom_photos/nowe-wykonczone-3-pokoje-mysliwska-lasowka-ID4v86g/nowe-wykonczone-3-pokoje-mysliwska-lasowka-ID4v86g_collage.jpg,3.911225582409402,4.890158867593542,2,urban,Podgórze,50.04951,19.99411,8.0,secondary,full_ownership,885000.0,18183.68604890076,3,ready_to_use,1,0,0,0,0,1,900655.8125
business,59.0,1980.0,4.0,otodom_photos/3-pokojowe-59mkw-na-mackiewicza-na-sprzedaz-ID4v2xy/3-pokojowe-59mkw-na-mackiewicza-na-sprzedaz-ID4v2xy_collage.jpg,4.2658741512936,3.314784549422995,4,urban,Prądnik Biały,50.0932346,19.9449041,3.0,secondary,limited_ownership,675000.0,11440.677966101695,3,ready_to_use,1,1,0,0,0,0,780251.125
business,44.0,2018.0,6.0,otodom_photos/2-pok-z-duzym-balkonem-ul-kordiana-ID4vA1o/2-pok-z-duzym-balkonem-ul-kordiana-ID4vA1o_collage.jpg,5.433790806476074,6.722598720599456,2,urban,Podgórze Duchackie,50.008654,19.96412,6.0,secondary,full_ownership,750000.0,17045.454545454544,2,ready_to_use,1,0,0,0,0,1,811754.625
business,73.0,2004.0,4.0,otodom_photos/zadbane-trzypokojowe-mieszkanie-z-balkonem-ID4wsDx/zadbane-trzypokojowe-mieszkanie-z-balkonem-ID4wsDx_collage.jpg,3.525167798116708,2.239432634637176,3,urban,Bronowice,50.078077,19.906136,4.0,secondary,full_ownership,1170000.0,16027.397260273972,3,ready_to_use,1,1,1,0,0,0,1225748.25
private,49.0,1973.0,5.0,otodom_photos/3-pokojowe-po-remoncie-pilna-sprzedaz-ID4tBIT/3-pokojowe-po-remoncie-pilna-sprzedaz-ID4tBIT_collage.jpg,8.143565772667424,8.357219543601124,1,urban,Bieńczyce,50.0892862,20.0408308,7.0,secondary,full_ownership,590000.0,12040.816326530612,3,ready_to_use,1,1,0,0,0,0,670041.5
business,64.0,1971.0,4.0,otodom_photos/mieszkanie-z-duza-loggia-w-swietnej-lokalizacji-ID4wuy7/mieszkanie-z-duza-loggia-w-swietnej-lokalizacji-ID4wuy7_collage.jpg,3.8832092561519738,2.651392843731993,4,urban,Prądnik Biały,50.08867631,19.92559412,4.0,secondary,full_ownership,750000.0,11718.75,4,ready_to_use,0,0,0,0,0,0,873985.0625
business,69.95,2008.0,5.0,otodom_photos/przytulne-ciche-z-ogrodkiem-garazem-komorka-ID4v3Us/przytulne-ciche-z-ogrodkiem-garazem-komorka-ID4v3Us_collage.jpg,5.845702903209144,6.391714354101547,0,other,Dębniki,50.013944,19.88888,7.0,secondary,full_ownership,999000.0,14281.629735525376,3,ready_to_use,1,0,0,0,0,1,1085792.5
private,57.28,2024.0,5.0,otodom_photos/3pok-balkon-msc-postojowe-ul-czerwienskiego-ID4s3EJ/3pok-balkon-msc-postojowe-ul-czerwienskiego-ID4s3EJ_collage.jpg,4.321650142360655,3.004891588317844,5,urban,Prądnik Biały,50.086161097788,19.903811303041,9.0,secondary,full_ownership,1025000.0,17894.5530726257,3,ready_to_use,1,0,0,1,0,1,1087670.75
business,42.39,2012.0,2.0,otodom_photos/dwupokojowe-mieszkanie-z-duzym-balkonem-ID4wb1L/dwupokojowe-mieszkanie-z-duzym-balkonem-ID4wb1L_collage.jpg,4.570725436986727,5.805413005978934,1,urban,Podgórze Duchackie,50.014406,19.9500644,5.0,secondary,full_ownership,635000.0,14979.948100967207,2,ready_to_use,0,0,0,0,0,0,657650.5625
business,62.1,1986.0,4.0,otodom_photos/wola-duchacka-3-pokoje-kuchnia-piwnica-62-m2-po-remoncie-ID4v7qO/wola-duchacka-3-pokoje-kuchnia-piwnica-62-m2-po-remoncie-ID4v7qO_collage.jpg,4.525199802299459,5.789980601854353,1,urban,Podgórze Duchackie,50.015442980218,19.954885346288,5.0,secondary,limited_ownership,879000.0,14154.589371980675,3,ready_to_use,1,1,1,0,0,0,734348.5625
business,80.91,2025.0,7.0,otodom_photos/klucze-od-razu-4-pokoje-ktore-pokochasz-od-pierwszego-wejrzenia-ID4vCvF/klucze-od-razu-4-pokoje-ktore-pokochasz-od-pierwszego-wejrzenia-ID4vCvF_collage.jpg,5.592019897700051,6.9106276393228105,6,urban,Podgórze Duchackie,50.010829902613,19.977431368564,8.0,secondary,full_ownership,1399946.0,17302.508960573476,4,ready_to_use,1,0,1,1,0,1,1327278.625
business,75.25,2009.0,5.0,otodom_photos/przestronne-3-pok-mieszkanie-z-tarasem-wielicka-ID4wT02/przestronne-3-pok-mieszkanie-z-tarasem-wielicka-ID4wT02_collage.jpg,2.714722227236,4.023151714776798,5,urban,Podgórze,50.03699075,19.965668746694,7.0,secondary,full_ownership,1250000.0,16611.295681063122,3,ready_to_use,0,0,0,0,1,1,1258755.375
business,28.33,1986.0,10.0,otodom_photos/mieszkanie-inwestycyjne-w-swietnej-lokalizacji-ID4vCy0/mieszkanie-inwestycyjne-w-swietnej-lokalizacji-ID4vCy0_collage.jpg,5.781348431158739,6.2071263887536725,9,urban,Czyżyny,50.0727561,20.01612476056,5.0,secondary,full_ownership,440000.0,15531.238969290504,1,ready_to_use,0,1,0,0,0,1,445334.71875
private,36.06,1930.0,2.0,otodom_photos/stare-podgorze-odnowiona-kamienica-2-pokojowe-mieszkanie-z-balkonem-ID4vpQT/stare-podgorze-odnowiona-kamienica-2-pokojowe-mieszkanie-z-balkonem-ID4vpQT_collage.jpg,1.859939879007051,3.0477515186497883,2,gas,Podgórze,50.038276402835,19.939487023943,2.0,secondary,full_ownership,659000.0,18275.097060454795,2,to_completion,1,0,1,0,0,0,721097.4375
business,67.2,1950.0,4.0,otodom_photos/stylowe-mieszkanie-w-nowej-hucie-po-remoncie-ID4uIu1/stylowe-mieszkanie-w-nowej-hucie-po-remoncie-ID4uIu1_collage.jpg,7.123506989061234,7.626057845225324,2,urban,Nowa Huta,50.071733862703,20.036331621421,8.0,secondary,full_ownership,919000.0,13675.595238095237,3,ready_to_use,0,1,1,0,0,0,914627.875
business,25.44,2024.0,4.0,otodom_photos/wykonczona-kawalerka-25-m2-przy-tramwaju-wielicka-ID4vDq2/wykonczona-kawalerka-25-m2-przy-tramwaju-wielicka-ID4vDq2_collage.jpg,3.3884861429331155,4.6896405444055365,0,urban,Podgórze,50.0332677,19.9732639,5.0,secondary,limited_ownership,480000.0,18867.924528301886,1,ready_to_use,0,1,1,0,0,0,493745.34375
business,54.0,1998.0,4.0,otodom_photos/3-pokoje-54m2-olsza-balkon-ID4vDD5/3-pokoje-54m2-olsza-balkon-ID4vDD5_collage.jpg,3.796807296047338,3.702775556970424,3,gas,Prądnik Czerwony,50.0799,19.9764,6.0,secondary,full_ownership,839000.0,15537.037037037036,3,ready_to_use,1,1,1,0,0,0,826509.4375
private,93.0,2004.0,4.0,otodom_photos/krakow-ul-radzikowskiego-2-poziomowe-93m2-ID4uNKR/krakow-ul-radzikowskiego-2-poziomowe-93m2-ID4uNKR_collage.jpg,4.13648466013088,2.815473522421951,4,gas,Prądnik Biały,50.085909,19.907749,6.0,secondary,full_ownership,840000.0,9032.258064516129,5,ready_to_use,1,0,0,0,0,0,1039726.0
private,38.58,2025.0,5.0,otodom_photos/top-lokalizacja-nowe-2-pokoje-15-min-do-rynku-tramwaj-200m-ID4vjYY/top-lokalizacja-nowe-2-pokoje-15-min-do-rynku-tramwaj-200m-ID4vjYY_collage.jpg,5.420958672023019,4.660061971952262,1,urban,Prądnik Biały,50.1018119,19.961217,8.0,secondary,full_ownership,744497.0,19297.48574390876,2,ready_to_use,1,0,0,0,0,1,726384.25
business,37.1,1980.0,10.0,otodom_photos/2-pokoje-przy-ul-spoldzielcow-11-994-zl-m2-ID4vlrr/2-pokoje-przy-ul-spoldzielcow-11-994-zl-m2-ID4vlrr_collage.jpg,5.040074837610384,6.36115693404926,5,urban,Bieżanów-Prokocim,50.017434,19.9794877,4.0,secondary,limited_ownership,445000.0,11994.609164420484,2,to_renovation,0,1,1,0,0,0,448840.40625
business,56.78,1960.0,4.0,otodom_photos/krowodrza-ul-smoluchowskiego-mieszkanie-56-78m2-pod-inwestycje-ID4v7Ye/krowodrza-ul-smoluchowskiego-mieszkanie-56-78m2-pod-inwestycje-ID4v7Ye_collage.jpg,3.0636622826353026,1.86200093284111,0,urban,Krowodrza,50.0721523,19.906411,2.0,secondary,full_ownership,770000.0,13561.113067981683,2,to_renovation,1,1,1,0,0,0,817103.5
business,47.0,2019.0,4.0,otodom_photos/lagiewniki-stan-bardzo-dobry-komorka-lokatorska-ID4vDGd/lagiewniki-stan-bardzo-dobry-komorka-lokatorska-ID4vDGd_collage.jpg,3.4700150452693084,4.554234298213687,1,boiler_room,Łagiewniki-Borek Fałęcki,50.024096,19.93325,6.0,secondary,full_ownership,720000.0,15319.148936170212,2,ready_to_use,1,0,0,0,0,1,719631.125
business,54.0,2025.0,4.0,otodom_photos/3-pokoje-z-balkonem-12m2-i-pieknym-widokiem-gotowe-ID4vDIX/3-pokoje-z-balkonem-12m2-i-pieknym-widokiem-gotowe-ID4vDIX_collage.jpg,5.420958672023019,4.660061971952262,3,urban,Prądnik Biały,50.1018119,19.961217,6.0,primary,full_ownership,859000.0,15907.407407407409,3,to_renovation,1,0,1,0,0,1,769825.125
business,47.5,2017.0,8.0,otodom_photos/2-pok-do-zamieszkania-balkon-piasta-park-ID4vyfs/2-pok-do-zamieszkania-balkon-piasta-park-ID4vyfs_collage.jpg,7.581869918810198,7.434236402061128,1,urban,Mistrzejowice,50.1024288,20.0163358,6.0,secondary,full_ownership,664900.0,13997.894736842103,2,ready_to_use,1,0,0,0,0,1,707085.375
business,52.0,2001.0,2.0,otodom_photos/kameralne-os-bronowice-2pok-osobna-kuchnia-52m2-ID4wRAa/kameralne-os-bronowice-2pok-osobna-kuchnia-52m2-ID4wRAa_collage.jpg,6.510360811988448,5.2293775316001785,1,other,Prądnik Biały,50.096096998886,19.87502150105,8.0,secondary,full_ownership,760000.0,14615.384615384615,2,ready_to_use,1,1,0,0,0,0,802449.75
business,30.02,2024.0,4.0,otodom_photos/kawalerka-w-kamienicy-do-wykonczenia-ID4tQEk/kawalerka-w-kamienicy-do-wykonczenia-ID4tQEk_collage.jpg,1.3311003828966774,2.652043765637203,4,urban,Podgórze,50.0447,19.9495,8.0,secondary,full_ownership,550000.0,18321.11925383078,1,to_completion,0,0,0,0,0,0,575509.9375
business,45.35,2008.0,5.0,otodom_photos/2-osobne-pokoje-osobna-kuchnia-loggia-okazja-ID4v8BS/2-osobne-pokoje-osobna-kuchnia-loggia-okazja-ID4v8BS_collage.jpg,5.793876742087811,6.31750247952731,1,other,Dębniki,50.0149783,19.8880547,7.0,secondary,full_ownership,699000.0,15413.450937155458,2,ready_to_use,0,1,0,0,0,1,772504.9375
business,35.08,1983.0,10.0,otodom_photos/1-lub-2-pokoje-na-pow-35m2-sprawdz-koniecznie-ul-gromady-grudziaz-ID4vcN1/1-lub-2-pokoje-na-pow-35m2-sprawdz-koniecznie-ul-gromady-grudziaz-ID4vcN1_collage.jpg,4.684668583728664,5.973115177973994,6,urban,Podgórze Duchackie,50.0149745,19.9604723,4.0,secondary,full_ownership,519000.0,14794.754846066136,1,to_completion,1,1,1,0,0,0,512341.96875
private,45.0,1980.0,4.0,otodom_photos/3-pokojowe-mieszkanie-w-zielonej-okolicy-ID4wUzk/3-pokojowe-mieszkanie-w-zielonej-okolicy-ID4wUzk_collage.jpg,4.7235785033054505,4.143361380338165,0,urban,Prądnik Czerwony,50.093864752594,19.96672081861,6.0,secondary,limited_ownership,695000.0,15444.444444444443,3,ready_to_use,1,1,1,1,0,0,752466.5
private,45.7,2024.0,5.0,otodom_photos/nowe-2-pokoje-wysoki-standard-ruczaj-ID4tN6S/nowe-2-pokoje-wysoki-standard-ruczaj-ID4tN6S_collage.jpg,3.936020972612157,4.756795235158694,1,urban,Dębniki,50.02321,19.91576,8.0,secondary,full_ownership,816000.0,17855.57986870897,2,ready_to_use,0,0,0,0,0,0,815531.875
business,62.36,1935.0,3.0,otodom_photos/krakow-krowodrza-ul-kazimierza-wielkiego-ID4w2aw/krakow-krowodrza-ul-kazimierza-wielkiego-ID4w2aw_collage.jpg,2.614282061516617,1.299806428574788,1,electrical,Krowodrza,50.0738192,19.9180467,3.0,secondary,full_ownership,980000.0,15715.20205259782,2,to_renovation,1,1,1,0,0,0,1049441.25
business,66.0,2003.0,3.0,otodom_photos/4-pokoje-na-zamknietym-osiedlu-ID4vpsA/4-pokoje-na-zamknietym-osiedlu-ID4vpsA_collage.jpg,5.223767865548954,6.5237745371315645,0,other,Podgórze Duchackie,50.011184,19.96638,5.0,secondary,full_ownership,859000.0,13015.151515151516,4,ready_to_use,0,0,1,0,0,0,878093.125
business,60.1,2017.0,4.0,otodom_photos/przestrzen-i-zielen-po-remoncie-ID4vbOZ/przestrzen-i-zielen-po-remoncie-ID4vbOZ_collage.jpg,4.787234077206853,6.043336090403872,4,urban,Podgórze Duchackie,50.0129348,19.9542726,7.0,secondary,full_ownership,859000.0,14292.845257903497,3,ready_to_use,1,1,1,1,0,0,841338.0
private,56.0,2012.0,4.0,otodom_photos/mieszkanie-56-m-z-winda-ID4wP9e/mieszkanie-56-m-z-winda-ID4wP9e_collage.jpg,5.407016507225066,4.75210492972911,3,gas,Prądnik Biały,50.1003008,19.9675404,7.0,secondary,full_ownership,850000.0,15178.57142857143,3,ready_to_use,1,1,0,1,0,1,877747.6875
business,50.5,1985.0,10.0,otodom_photos/przestronne-i-przytulne-mieszkanie-z-loggia-ID4vC4c/przestronne-i-przytulne-mieszkanie-z-loggia-ID4vC4c_collage.jpg,5.609093228048151,6.884075065867609,0,urban,Podgórze Duchackie,50.006457037584,19.961353540421,7.0,secondary,limited_ownership,629000.0,12455.445544554455,3,ready_to_use,1,1,0,0,0,1,739462.1875
business,54.0,1970.0,10.0,otodom_photos/krowodrza-ul-szymanowskiego-mieszkanie-4-pokojowe-na-przeciwko-agh-ID4vh9k/krowodrza-ul-szymanowskiego-mieszkanie-4-pokojowe-na-przeciwko-agh-ID4vh9k_collage.jpg,1.860476196676444,0.577301727100625,8,urban,Krowodrza,50.0677694,19.9231586,4.0,secondary,full_ownership,779000.0,14425.925925925923,4,ready_to_use,1,1,1,0,0,1,887918.8125
business,71.32,2024.0,7.0,otodom_photos/zamieszkaj-bez-wykanczania-4-pokoje-zaprojektowane-z-sercem-ID4vpWJ/zamieszkaj-bez-wykanczania-4-pokoje-zaprojektowane-z-sercem-ID4vpWJ_collage.jpg,5.5961796306404015,6.914766768119172,6,urban,Podgórze Duchackie,50.010790727506,19.977441121858,8.0,secondary,full_ownership,1249000.0,17512.619181155358,4,ready_to_use,1,0,1,1,0,1,1292316.125
business,55.0,2025.0,5.0,otodom_photos/nowe-w-pelni-wyposazone-doskonala-lokalizacja-ID4wUl6/nowe-w-pelni-wyposazone-doskonala-lokalizacja-ID4wUl6_collage.jpg,6.0985640705989095,4.877591926701163,2,urban,Bronowice,50.08824,19.87203,8.0,secondary,full_ownership,949000.0,17254.545454545456,3,ready_to_use,1,0,0,0,1,1,1033141.6875
business,35.35,1955.0,4.0,otodom_photos/kawalerka-przy-samym-biprostalu-piwnica-9m2-ID4vrtl/kawalerka-przy-samym-biprostalu-piwnica-9m2-ID4vrtl_collage.jpg,2.6696279152354547,1.382076608132639,4,urban,Krowodrza,50.07284585,19.91498121,5.0,secondary,full_ownership,549000.0,15530.41018387553,1,ready_to_use,0,1,1,0,0,0,594954.1875
business,37.23,1921.0,4.0,otodom_photos/stare-miasto-przepiekne-mieszkanie-w-doskonalej-lokalizacji-37m2-ID4vCsg/stare-miasto-przepiekne-mieszkanie-w-doskonalej-lokalizacji-37m2-ID4vCsg_collage.jpg,1.41926325060371,0.4255046808857383,4,gas,Stare Miasto,50.067310991115,19.934751527832,7.0,secondary,share,725985.0,19500.0,2,ready_to_use,0,0,0,0,0,0,736947.9375
private,36.5,1975.0,4.0,otodom_photos/al-pokoju-36-5-m-do-wejscia-rezerwacja-ID4v2zz/al-pokoju-36-5-m-do-wejscia-rezerwacja-ID4v2zz_collage.jpg,2.0756276934822946,2.772155423816759,3,urban,Grzegórzki,50.059954488284,19.96803196722,5.0,secondary,full_ownership,649000.0,17780.821917808218,1,ready_to_use,1,1,1,0,0,0,682893.625
private,15.4,2018.0,2.0,otodom_photos/funkcjonalna-kawalerka-piaski-wielkie-ID4ueJ8/funkcjonalna-kawalerka-piaski-wielkie-ID4ueJ8_collage.jpg,7.365316867210115,8.678480211391518,0,gas,Bieżanów-Prokocim,50.0039691,20.0057373,8.0,secondary,full_ownership,185000.0,12012.987012987012,1,to_completion,0,0,0,0,0,0,187223.046875
business,38.0,1990.0,9.0,otodom_photos/mieszkanie-z-potencjalem-inwestycyjnym-krakow-1-2-pok-ID4vDld/mieszkanie-z-potencjalem-inwestycyjnym-krakow-1-2-pok-ID4vDld_collage.jpg,3.951270809822322,4.966275090656089,4,urban,Podgórze,50.0477822,19.9941876,3.0,secondary,full_ownership,454000.0,11947.368421052632,1,to_renovation,0,1,1,1,0,1,516133.3125
business,50.0,2025.0,7.0,otodom_photos/dwustronne-3-pokoje-do-wprowadzenia-przy-parku-i-ID4vziw/dwustronne-3-pokoje-do-wprowadzenia-przy-parku-i-ID4vziw_collage.jpg,3.9176948813326895,4.921132678331914,1,urban,Podgórze,50.0484,19.9939,7.0,secondary,full_ownership,899000.0,17980.0,3,ready_to_use,1,0,1,0,0,1,944346.8125
business,58.0,2016.0,10.0,otodom_photos/3-pokoje-rezydencja-walenty-wysoki-standard-ID4vsR9/3-pokoje-rezydencja-walenty-wysoki-standard-ID4vsR9_collage.jpg,3.1286159284576307,2.0800516951327643,6,urban,Prądnik Biały,50.083088,19.9374321,8.0,secondary,full_ownership,1130000.0,19482.758620689656,3,ready_to_use,0,0,0,0,0,1,1136872.0
private,72.0,1960.0,4.0,otodom_photos/blisko-uczelni-po-remoncie-0-prow-72m2-4pok-winda-balk-ID4vDmO/blisko-uczelni-po-remoncie-0-prow-72m2-4pok-winda-balk-ID4vDmO_collage.jpg,2.437381647257061,1.2164379288495772,2,urban,Krowodrza,50.075939507223,19.929901713373,8.0,secondary,full_ownership,1499000.0,20819.444444444445,4,ready_to_use,1,0,0,0,0,1,1380596.5
business,55.0,2001.0,3.0,otodom_photos/olsza-ulanow-2-pok-55m2-garaz-eng-ID4vf7c/olsza-ulanow-2-pok-55m2-garaz-eng-ID4vf7c_collage.jpg,4.019958302720108,4.04759594781361,1,boiler_room,Prądnik Czerwony,50.078681022473,19.982556430424,5.0,secondary,full_ownership,649999.0,11818.163636363635,2,ready_to_use,1,1,1,1,0,0,771727.25
business,50.0,1965.0,10.0,otodom_photos/klasyczne-mieszkanie-blisko-uczelni-ID4vDeV/klasyczne-mieszkanie-blisko-uczelni-ID4vDeV_collage.jpg,2.922857123182261,1.6034573798939915,2,urban,Krowodrza,50.077675,19.919286,3.0,secondary,full_ownership,750000.0,15000.0,2,to_renovation,1,0,1,0,0,1,810518.0
private,97.0,2022.0,1.0,otodom_photos/mieszkanie-dwupoziomowe-skotniki-kliny-ID4wTqM/mieszkanie-dwupoziomowe-skotniki-kliny-ID4wTqM_collage.jpg,7.438078856049346,8.079420326865042,1,gas,Dębniki,49.998651540434686,19.883888674278648,9.0,secondary,full_ownership,1249000.0,12876.288659793814,4,ready_to_use,1,0,0,0,1,0,1195325.0
business,35.36,1970.0,4.0,otodom_photos/krakow-olsza-ul-stanislawa-ze-skalbmierza-ID4vD9j/krakow-olsza-ul-stanislawa-ze-skalbmierza-ID4vD9j_collage.jpg,3.57591509842902,3.304757105378844,4,urban,Prądnik Czerwony,50.0813927,19.9686264,6.0,secondary,full_ownership,479000.0,13546.380090497738,2,ready_to_use,1,1,1,0,0,0,554978.5625
business,49.15,2019.0,4.0,otodom_photos/sprzedam-3-pokojowe-mieszkanie-ul-bochenka-ID4urKT/sprzedam-3-pokojowe-mieszkanie-ul-bochenka-ID4urKT_collage.jpg,5.562551235676278,6.880624776749899,2,urban,Podgórze Duchackie,50.01090383,19.97677624,7.0,secondary,full_ownership,720000.0,14649.033570701931,3,ready_to_use,1,0,0,1,0,1,793044.6875
business,58.66,1975.0,4.0,otodom_photos/3-pokojowe-idealne-pod-wynajem-lub-dla-rodziny-ID4vyDk/3-pokojowe-idealne-pod-wynajem-lub-dla-rodziny-ID4vyDk_collage.jpg,6.357290384445747,7.640273625279669,1,urban,Bieżanów-Prokocim,50.0166513,20.0060176,4.0,secondary,full_ownership,690000.0,11762.700306853052,3,ready_to_use,1,1,1,0,0,0,703385.5625
business,53.41,1965.0,4.0,otodom_photos/3-pokojowe-mieszkanie-na-sprzedaz-kuchnia-z-jadalnia-ID4vtNG/3-pokojowe-mieszkanie-na-sprzedaz-kuchnia-z-jadalnia-ID4vtNG_collage.jpg,6.173273613727512,6.22020543876704,4,urban,Bieńczyce,50.088227,20.0092966,4.0,secondary,full_ownership,620000.0,11608.313049990638,3,to_renovation,0,1,1,0,0,0,600945.125
business,44.26,1980.0,9.0,otodom_photos/kozlowek-ul-spoldzielcow-3-pokojowe-44-26-mkw-piwnica-windy-ID4vbJ6/kozlowek-ul-spoldzielcow-3-pokojowe-44-26-mkw-piwnica-windy-ID4vbJ6_collage.jpg,5.040074837610384,6.36115693404926,7,urban,Bieżanów-Prokocim,50.017434,19.9794877,4.0,secondary,full_ownership,510000.0,11522.819701762312,3,to_renovation,0,1,1,0,0,1,577322.5
business,54.53,1971.0,4.0,otodom_photos/4-pokoje-gotowe-do-wejscia-zielona-okolica-ID4wH2C/4-pokoje-gotowe-do-wejscia-zielona-okolica-ID4wH2C_collage.jpg,6.778565941793279,6.953828470981739,3,urban,Bieńczyce,50.0859867,20.021793,6.0,secondary,full_ownership,699000.0,12818.631945717952,4,ready_to_use,0,0,1,0,0,0,743245.0
business,35.0,1991.0,11.0,otodom_photos/mistrzejowice-os-oswiecenia-mozliwe-osobne-2pok-duzy-balkon-na-gory-ID4vv6H/mistrzejowice-os-oswiecenia-mozliwe-osobne-2pok-duzy-balkon-na-gory-ID4vv6H_collage.jpg,5.646975134404728,5.424714308756011,10,urban,Mistrzejowice,50.0933562,19.9918617,5.0,secondary,full_ownership,489000.0,13971.42857142857,1,ready_to_use,1,1,1,0,0,1,515208.34375
business,54.89,2005.0,4.0,otodom_photos/2-pokoje-osobna-kuchnia-garderoba-na-start-ID4vufz/2-pokoje-osobna-kuchnia-garderoba-na-start-ID4vufz_collage.jpg,7.361091301191226,8.649669700484255,2,urban,Bieżanów-Prokocim,50.009474,20.014819,6.0,secondary,full_ownership,649000.0,11823.647294589178,2,ready_to_use,1,1,1,0,0,0,721113.6875
business,32.0,2004.0,3.0,otodom_photos/1-pok-sloneczne-ruczaj-ID4vzcp/1-pok-sloneczne-ruczaj-ID4vzcp_collage.jpg,5.324604235772132,6.117220975306181,3,boiler_room,Dębniki,50.011936,19.9074,6.0,secondary,full_ownership,498000.0,15562.5,1,ready_to_use,1,1,0,0,0,0,503282.96875
business,60.0,1900.0,2.0,otodom_photos/stylowe-mieszkanie-w-sercu-kazimierza-plac-wolnica-ID4vCTJ/stylowe-mieszkanie-w-sercu-kazimierza-plac-wolnica-ID4vCTJ_collage.jpg,0.5938857048285938,1.9075418203763763,1,electrical,Stare Miasto,50.0500331,19.9430581,5.0,secondary,full_ownership,1100000.0,18333.33333333333,2,ready_to_use,0,0,1,0,0,0,1201667.75
business,67.0,1994.0,4.0,otodom_photos/3-pokojowe-mieszkanie-z-balkonem-67m2-ID4ws9D/3-pokojowe-mieszkanie-z-balkonem-67m2-ID4ws9D_collage.jpg,4.027581931252648,5.138242693084867,4,urban,Podgórze,50.042769922645,19.993094377246,6.0,secondary,full_ownership,790000.0,11791.044776119405,3,ready_to_use,1,1,1,1,1,0,965187.375
private,33.77,1960.0,3.0,otodom_photos/mieszkanie-33-77-m-krakow-ID4vkDF/mieszkanie-33-77-m-krakow-ID4vkDF_collage.jpg,3.747910694739952,2.4717040674503434,1,urban,Bronowice,50.078899,19.902972,5.0,secondary,full_ownership,590000.0,17471.128220313887,1,to_renovation,0,1,1,0,0,0,515720.3125
private,71.8,1997.0,4.0,otodom_photos/mieszkanie-72m2-4-pokoje-bez-prowizji-prywatne-ID4wOeB/mieszkanie-72m2-4-pokoje-bez-prowizji-prywatne-ID4wOeB_collage.jpg,3.021359421619589,4.155263764122928,1,urban,Łagiewniki-Borek Fałęcki,50.027898707149,19.936955436554,5.0,secondary,full_ownership,980000.0,13649.025069637884,4,to_completion,1,0,0,1,0,0,1093631.0
business,58.0,2018.0,11.0,otodom_photos/komfortowe-mieszkanie-z-widokiem-na-zielen-ID4wYqg/komfortowe-mieszkanie-z-widokiem-na-zielen-ID4wYqg_collage.jpg,3.5372800078599145,4.615699936003274,10,urban,Podgórze,50.046103485292,19.987565237775,8.0,secondary,full_ownership,970000.0,16724.137931034482,3,ready_to_use,1,0,0,0,0,1,1049709.375
private,60.0,2004.0,4.0,otodom_photos/ladne-mieszkanie-w-krakowie-na-sprzedaz-ID4vvwf/ladne-mieszkanie-w-krakowie-na-sprzedaz-ID4vvwf_collage.jpg,3.831073120669211,2.5359885979557726,0,gas,Bronowice,50.080606459197,19.90408779895,5.0,secondary,full_ownership,875000.0,14583.333333333334,3,ready_to_use,0,1,0,0,1,0,1027389.8125
private,63.3,1993.0,5.0,otodom_photos/mieszkanie-krakow-grzegorzki-al-pokoju-63-3m-ID4uNrx/mieszkanie-krakow-grzegorzki-al-pokoju-63-3m-ID4uNrx_collage.jpg,2.1817717446730733,2.871806024873571,5,urban,Grzegórzki,50.06011426797,19.969505264404,5.0,secondary,full_ownership,839999.0,13270.126382306478,3,to_completion,1,1,1,0,0,0,882159.75
private,70.4,1970.0,4.0,otodom_photos/wyjatkowe-2-mieszkania-w-1-gotowe-po-remoncie-ID4wWJe/wyjatkowe-2-mieszkania-w-1-gotowe-po-remoncie-ID4wWJe_collage.jpg,4.126096475492284,2.8048426814989744,2,urban,Prądnik Biały,50.0864409,19.9092952,8.0,secondary,full_ownership,1090000.0,15482.954545454544,4,ready_to_use,0,0,1,0,0,0,1112899.0
private,63.0,2018.0,11.0,otodom_photos/przestronne-widokowe-mieszkanie-od-wlasciciela-zaraz-obok-parku-eng-ID4wV6M/przestronne-widokowe-mieszkanie-od-wlasciciela-zaraz-obok-parku-eng-ID4wV6M_collage.jpg,3.8947273730860537,4.964769968536558,7,urban,Podgórze,50.0453242,19.9924253,7.0,secondary,full_ownership,1123000.0,17825.396825396827,3,ready_to_use,1,1,0,1,0,1,1215093.375
private,55.0,1970.0,4.0,otodom_photos/3-pokojowe-mieszkanie-55-m-bienczyce-ID4vDbb/3-pokojowe-mieszkanie-55-m-bienczyce-ID4vDbb_collage.jpg,6.301694066018531,6.3757619660455305,4,urban,Bieńczyce,50.087866422499,20.011933047485,6.0,secondary,limited_ownership,638000.0,11600.0,3,ready_to_use,0,1,1,0,0,0,685094.875
business,46.0,2019.0,4.0,otodom_photos/unikat-kliny-2-pokoje-z-ogrodkiem-35-m-wysoki-standard-ID4vmjO/unikat-kliny-2-pokoje-z-ogrodkiem-35-m-wysoki-standard-ID4vmjO_collage.jpg,6.492026481799959,7.293394657726913,0,urban,Swoszowice,50.0018561,19.9023678,8.0,secondary,full_ownership,685000.0,14891.304347826086,2,ready_to_use,0,1,1,0,0,1,706998.0625
business,82.0,1960.0,3.0,otodom_photos/3-pokojowe-mieszkanie-z-balkonem-ID4v0MB/3-pokojowe-mieszkanie-z-balkonem-ID4v0MB_collage.jpg,4.001705479978904,2.753287413945624,3,urban,Bronowice,50.0788705,19.8980423,5.0,secondary,full_ownership,870000.0,10609.756097560976,3,ready_to_use,1,1,1,0,0,0,1484059.75
private,34.45,2015.0,5.0,otodom_photos/przestronna-jasna-kawalerka-ID4vdsV/przestronna-jasna-kawalerka-ID4vdsV_collage.jpg,7.072807237979489,6.865518612509167,3,urban,Mistrzejowice,50.101541038861,20.007561383717,7.0,secondary,full_ownership,548000.0,15907.11175616836,1,ready_to_use,1,0,1,0,0,1,556649.375
business,76.5,2024.0,3.0,otodom_photos/nowe76-5m-sloneczne-bez2-pcc-taras-2xgaraz-piwnica-ID4uoLq/nowe76-5m-sloneczne-bez2-pcc-taras-2xgaraz-piwnica-ID4uoLq_collage.jpg,6.168965580028956,6.72908629905935,1,urban,Dębniki,50.011073053366,19.887245003471,7.0,secondary,full_ownership,1349000.0,17633.986928104576,4,ready_to_use,0,0,1,0,1,1,1261981.5
business,60.91,2018.0,4.0,otodom_photos/zamieszkaj-w-jasnym-i-klimatycznym-mieszkaniu-ID4viXj/zamieszkaj-w-jasnym-i-klimatycznym-mieszkaniu-ID4viXj_collage.jpg,8.667753769074702,9.798485479938178,2,urban,Bieżanów-Prokocim,50.0233,20.05088,8.0,secondary,full_ownership,849000.0,13938.59793137416,3,ready_to_use,1,0,0,1,0,1,843298.9375
private,32.86,2018.0,6.0,otodom_photos/kawalerka-33m2-ul-bajeczna-20-bezposrednio-ID4vDvO/kawalerka-33m2-ul-bajeczna-20-bezposrednio-ID4vDvO_collage.jpg,2.65659448885476,3.4659295002992923,1,urban,Grzegórzki,50.0572823,19.9770416,7.0,secondary,full_ownership,675000.0,20541.69202678028,1,ready_to_use,1,0,0,0,0,1,680711.0
business,41.51,2001.0,3.0,otodom_photos/pradnik-bialy-mieszkanie-z-balkonem-i-antresola-ID4vD3R/pradnik-bialy-mieszkanie-z-balkonem-i-antresola-ID4vD3R_collage.jpg,4.874737865561739,4.09153851075643,3,gas,Prądnik Biały,50.097459,19.957008,4.0,secondary,full_ownership,622000.0,14984.341122621056,2,ready_to_use,1,0,1,0,0,0,650747.625
private,40.34,2007.0,3.0,otodom_photos/1-pokojowe-mieszkanie-sprzedaz-bez-posrednikow-ID4vumq/1-pokojowe-mieszkanie-sprzedaz-bez-posrednikow-ID4vumq_collage.jpg,4.835692799554867,3.992662763368951,1,gas,Prądnik Biały,50.09764,19.95332,4.0,secondary,full_ownership,620000.0,15369.36043629152,1,ready_to_use,1,1,1,0,0,0,652897.1875
business,40.0,2008.0,8.0,otodom_photos/dwupokojowe-nowoczesne-mieszkanie-ID4v1KM/dwupokojowe-nowoczesne-mieszkanie-ID4v1KM_collage.jpg,4.259032091390716,3.0432036433851657,3,urban,Bronowice,50.0785846,19.8929827,6.0,secondary,full_ownership,779000.0,19475.0,2,ready_to_use,1,1,0,0,0,1,823981.6875
business,32.0,2006.0,13.0,otodom_photos/kawalerka-z-balkonem-bronowice-ID4vfGY/kawalerka-z-balkonem-bronowice-ID4vfGY_collage.jpg,4.3972509779449656,3.1592367052326757,10,urban,Bronowice,50.0804644,19.8928641,7.0,secondary,full_ownership,659000.0,20593.75,1,to_completion,1,0,0,0,0,1,639221.5
business,53.3,2012.0,5.0,otodom_photos/plaszow-ul-mysliwska-3-pokoje-53m2-duzy-balkon-ID4vCr7/plaszow-ul-mysliwska-3-pokoje-53m2-duzy-balkon-ID4vCr7_collage.jpg,3.8947273730860537,4.964769968536558,1,urban,Podgórze,50.0453242,19.9924253,8.0,secondary,full_ownership,850000.0,15947.467166979362,3,ready_to_use,1,0,1,1,0,1,919004.8125
business,59.1,2006.0,3.0,otodom_photos/funkcjonalne-59-1m2-3pok-ul-obozowa-ID4vnnC/funkcjonalne-59-1m2-3pok-ul-obozowa-ID4vnnC_collage.jpg,5.124811654409784,5.909586105238912,2,gas,Dębniki,50.01378863,19.90787566,8.0,secondary,full_ownership,920000.0,15566.8358714044,3,ready_to_use,0,0,0,0,0,0,858495.9375
business,46.18,2018.0,6.0,otodom_photos/centrum-nowe-budownictwo-najwyzsze-pietro-mpec-winda-kazimierz-ID4vcqu/centrum-nowe-budownictwo-najwyzsze-pietro-mpec-winda-kazimierz-ID4vcqu_collage.jpg,0.7098959455173962,1.9026059255957968,6,urban,Stare Miasto,50.05343258107,19.949639009509,7.0,secondary,full_ownership,958000.0,20744.911216977045,3,ready_to_use,0,0,0,0,0,1,980930.3125
business,44.5,1971.0,4.0,otodom_photos/nowosc-3-pokoje-po-remoncie-ID4uE4r/nowosc-3-pokoje-po-remoncie-ID4uE4r_collage.jpg,6.778565941793279,6.953828470981739,2,urban,Bieńczyce,50.0859867,20.021793,8.0,secondary,full_ownership,674900.0,15166.29213483146,3,ready_to_use,1,0,1,0,0,0,733939.1875
private,38.0,2017.0,7.0,otodom_photos/mieszkanie-inwestycyjne-i-gotowiec-i-2-pak-ID4wjRs/mieszkanie-inwestycyjne-i-gotowiec-i-2-pak-ID4wjRs_collage.jpg,3.16931308547671,4.101023398304031,4,urban,Podgórze,50.0529068,19.9842717,8.0,secondary,full_ownership,600000.0,15789.473684210529,2,ready_to_use,1,0,0,0,1,1,600026.5
business,49.0,2001.0,5.0,otodom_photos/przytulne-mieszkanie-z-osobna-kuchnia-i-balkonem-ID4vh0C/przytulne-mieszkanie-z-osobna-kuchnia-i-balkonem-ID4vh0C_collage.jpg,1.056566723925645,1.8394986545693577,2,urban,Grzegórzki,50.0585485,19.9537291,8.0,secondary,full_ownership,925000.0,18877.55102040816,2,ready_to_use,1,1,0,0,0,1,944014.75
business,64.27,2008.0,7.0,otodom_photos/atrakcyjne-swietna-komunikacja-blisko-centrum-ID4vCHE/atrakcyjne-swietna-komunikacja-blisko-centrum-ID4vCHE_collage.jpg,2.211565677577376,3.2531404257672727,5,urban,Podgórze,50.035774,19.9320695,8.0,secondary,full_ownership,1280000.0,19915.97946164618,3,ready_to_use,1,0,0,1,0,1,1243609.25
business,35.0,2025.0,5.0,otodom_photos/stan-developerski-2-pokoje-balkon-bronowice-ID4wRF6/stan-developerski-2-pokoje-balkon-bronowice-ID4wRF6_collage.jpg,4.2233450391689855,2.914940973890712,3,urban,Prądnik Biały,50.08436,19.90246,8.0,secondary,full_ownership,590000.0,16857.14285714286,2,ready_to_use,1,0,0,0,0,1,642254.875
business,64.0,1971.0,4.0,otodom_photos/przestronne-4-pokojowe-w-krowodrzy-ID4w1hg/przestronne-4-pokojowe-w-krowodrzy-ID4w1hg_collage.jpg,3.928022022093257,2.697917516167757,4,other,Prądnik Biały,50.08910035,19.92563027,4.0,secondary,full_ownership,750000.0,11718.75,4,ready_to_use,1,1,1,0,0,0,895716.875
business,34.0,2008.0,3.0,otodom_photos/tylko-u-nas-1-pokojowe-34m2-wysoki-standard-ID4wRdl/tylko-u-nas-1-pokojowe-34m2-wysoki-standard-ID4wRdl_collage.jpg,4.21697534062593,4.5897086344236735,3,urban,Dębniki,50.0303008,19.8951891,8.0,secondary,full_ownership,595000.0,17500.0,1,ready_to_use,1,0,0,0,0,1,515403.59375
business,62.5,1980.0,4.0,otodom_photos/3-niezalezne-pokoje-ul-wloska-podgorze-duchackie-ID4wtHd/3-niezalezne-pokoje-ul-wloska-podgorze-duchackie-ID4wtHd_collage.jpg,4.635070421830404,5.955141211085826,0,urban,Podgórze Duchackie,50.0188289,19.9722558,6.0,secondary,full_ownership,755000.0,12080.0,3,ready_to_use,1,1,1,0,0,0,787903.4375
business,42.0,2023.0,5.0,otodom_photos/luksusowy-apartament-z-duzym-balkonem-ID4vBKN/luksusowy-apartament-z-duzym-balkonem-ID4vBKN_collage.jpg,5.475295181105513,5.980053351307496,3,urban,Czyżyny,50.0689612,20.0135559,8.0,secondary,full_ownership,819000.0,19500.0,2,ready_to_use,1,0,1,0,0,1,765833.1875
business,47.0,1976.0,4.0,otodom_photos/krakow-os-piastow-mieszkanie-3-pokojowe-47-m2-sp-ID4uLdy/krakow-os-piastow-mieszkanie-3-pokojowe-47-m2-sp-ID4uLdy_collage.jpg,6.973344568209919,6.932796866768944,4,urban,Mistrzejowice,50.0952,20.015,3.0,secondary,full_ownership,515000.0,10957.446808510638,3,to_renovation,0,1,1,0,0,0,536747.25
private,44.4,2024.0,4.0,otodom_photos/mieszkanie-2-pok-plaszow-ul-siemianowicza-ID4uUQG/mieszkanie-2-pok-plaszow-ul-siemianowicza-ID4uUQG_collage.jpg,4.397106404248843,5.565664771033042,4,urban,Podgórze,50.037843580724,19.99548181488,7.0,secondary,full_ownership,763680.0,17200.0,2,ready_to_use,1,0,0,0,0,1,777757.375
business,120.6,2019.0,3.0,otodom_photos/3-poziomowe-6pokoi-wyposazone-ogrod-m-postojowe-zamkniete-osiedle-ID4vgIq/3-poziomowe-6pokoi-wyposazone-ogrod-m-postojowe-zamkniete-osiedle-ID4vgIq_collage.jpg,5.367604029500597,4.073743492310892,0,gas,Prądnik Biały,50.0995893,19.911184,8.0,secondary,full_ownership,1449000.0,12014.925373134329,6,ready_to_use,1,0,0,0,0,0,1655350.875
business,63.3,2001.0,2.0,otodom_photos/sprzedam-3pokoje-ul-na-polach-bronowice-pasternik-ID4vDqy/sprzedam-3pokoje-ul-na-polach-bronowice-pasternik-ID4vDqy_collage.jpg,6.7727678585428,5.484842968798835,1,urban,Prądnik Biały,50.0985739,19.8736849,8.0,secondary,full_ownership,919000.0,14518.167456556082,3,ready_to_use,1,0,0,0,0,0,923135.125
private,39.67,2025.0,4.0,otodom_photos/nowe-2-pok-pod-klucz-os-ozon-blisko-tramwaj-ID4wPXj/nowe-2-pok-pod-klucz-os-ozon-blisko-tramwaj-ID4wPXj_collage.jpg,5.420958672023019,4.660061971952262,1,urban,Prądnik Biały,50.1018119,19.961217,8.0,secondary,full_ownership,761575.0,19197.75649105117,2,ready_to_use,1,0,0,0,0,0,738780.875
business,56.0,2003.0,4.0,otodom_photos/mieszkanie-56-m-krakow-ID4wQPv/mieszkanie-56-m-krakow-ID4wQPv_collage.jpg,5.36110994068892,6.638660759456792,2,urban,Podgórze Duchackie,50.008697,19.96092,6.0,secondary,full_ownership,680000.0,12142.857142857143,2,ready_to_use,1,1,0,0,0,1,739468.0625
business,36.5,2006.0,5.0,otodom_photos/debniki-monte-cassino-36m2-1-pok-osobna-kuchnia-ID4vrfR/debniki-monte-cassino-36m2-1-pok-osobna-kuchnia-ID4vrfR_collage.jpg,1.321619623093755,2.0247129609396164,1,urban,Dębniki,50.0469388,19.9263977,6.0,secondary,full_ownership,598000.0,16383.561643835616,1,ready_to_use,1,1,0,0,0,1,605326.1875
private,70.6,2002.0,4.0,otodom_photos/dwupoziomowe-4-pokoje-klimatyzacja-mozliwosc-podzialu-garaz-ID4vsvc/dwupoziomowe-4-pokoje-klimatyzacja-mozliwosc-podzialu-garaz-ID4vsvc_collage.jpg,4.753274000967627,5.436566484119343,3,urban,Dębniki,50.019049199306,19.903992811667,7.0,secondary,full_ownership,860000.0,12181.30311614731,4,ready_to_use,1,0,1,0,0,0,985406.875
business,44.0,1975.0,4.0,otodom_photos/ustawne-2-pokojowe-z-balkonem-44-m2-krowodrza-ID4vBWg/ustawne-2-pokojowe-z-balkonem-44-m2-krowodrza-ID4vBWg_collage.jpg,3.905792319543381,2.69942085645282,4,urban,Prądnik Biały,50.089233177356,19.927741727786,3.0,secondary,full_ownership,590000.0,13409.09090909091,2,ready_to_use,1,1,1,1,0,0,610400.6875
business,65.23,1960.0,3.0,otodom_photos/os-teatralne-3-pok-mieszkanie-65m-wysoki-parter-ID4vAEg/os-teatralne-3-pok-mieszkanie-65m-wysoki-parter-ID4vAEg_collage.jpg,6.893498760774301,7.253590118674975,0,urban,Nowa Huta,50.078295,20.029503,5.0,secondary,full_ownership,759000.0,11635.75042158516,3,ready_to_use,1,1,1,0,0,0,892885.0
business,42.8,2002.0,3.0,otodom_photos/10700-zl-m2-2pokoje-balkon-m-postojowe-tramwaj-autobus-ID4v1tP/10700-zl-m2-2pokoje-balkon-m-postojowe-tramwaj-autobus-ID4v1tP_collage.jpg,5.00261871317385,4.179308917577373,2,electrical,Prądnik Biały,50.098911,19.9552587,5.0,secondary,full_ownership,459000.0,10724.299065420562,2,ready_to_use,1,0,0,0,0,0,673874.875
business,49.0,2017.0,3.0,otodom_photos/wyjatkowe-jasne-mieszkanie-49-m2-z-balkonem-ID4vBBy/wyjatkowe-jasne-mieszkanie-49-m2-z-balkonem-ID4vBBy_collage.jpg,4.936514975723402,3.771190444308172,1,urban,Prądnik Biały,50.098915,19.9298534,8.0,secondary,full_ownership,849000.0,17326.530612244896,2,ready_to_use,1,1,1,1,0,1,760510.0625
business,46.0,2020.0,7.0,otodom_photos/2-pokojowe-2-miejsca-postojowe-cena-za-calosc-ID4vDcQ/2-pokojowe-2-miejsca-postojowe-cena-za-calosc-ID4vDcQ_collage.jpg,5.391786100026636,5.741630788042147,3,other,Czyżyny,50.074719,20.00901,7.0,secondary,full_ownership,870000.0,18913.043478260868,2,ready_to_use,1,0,0,0,0,1,824045.1875
business,62.1,1968.0,2.0,otodom_photos/3-pokoje-ogrodek-centrum-15-min-rynek-ur-ID4vbqc/3-pokoje-ogrodek-centrum-15-min-rynek-ur-ID4vbqc_collage.jpg,2.8458819304190968,2.155147756717215,0,urban,Stare Miasto,50.07988,19.94935,4.0,secondary,full_ownership,745000.0,11996.779388083736,3,to_renovation,0,1,1,0,0,0,888972.0
private,43.0,1900.0,4.0,otodom_photos/stare-podgorze-43m-piwnica-wlasciciel-ID4uZT2/stare-podgorze-43m-piwnica-wlasciciel-ID4uZT2_collage.jpg,1.5857129535451746,2.8975591296695797,0,gas,Podgórze,50.0444035,19.9548626,8.0,secondary,full_ownership,850000.0,19767.441860465115,2,ready_to_use,0,0,1,0,0,0,809964.0625
business,55.0,1921.0,5.0,otodom_photos/wyjatkowy-widok-plac-wolnica-ID4vud7/wyjatkowy-widok-plac-wolnica-ID4vud7_collage.jpg,0.7070652691495407,2.021739429752278,5,gas,Stare Miasto,50.049143273232,19.943856903566,8.0,secondary,full_ownership,1100000.0,20000.0,2,ready_to_use,0,0,0,0,0,1,1195477.125
business,49.44,2001.0,3.0,otodom_photos/ciche-mieszkanie-na-ruczaju-piwnica-w-cenie-ID4v0VW/ciche-mieszkanie-na-ruczaju-piwnica-w-cenie-ID4v0VW_collage.jpg,5.0003977397165125,5.610068710816032,0,urban,Dębniki,50.01877992,19.89850363,7.0,secondary,full_ownership,699000.0,14138.349514563108,2,to_renovation,1,1,1,0,0,0,694420.3125
business,43.23,2017.0,3.0,otodom_photos/bartla-kliny-nowoczesne-bardzo-ladne-2pok-spokojne-miejsce-rezerwuj-ID4vCfy/bartla-kliny-nowoczesne-bardzo-ladne-2pok-spokojne-miejsce-rezerwuj-ID4vCfy_collage.jpg,6.990489264966064,7.744653491127357,2,boiler_room,Swoszowice,49.9988965,19.8958449,5.0,secondary,full_ownership,556000.0,12861.43881563729,2,ready_to_use,1,1,0,0,0,0,626075.5625
business,43.0,2003.0,3.0,otodom_photos/kliny-zacisze-42-m-balkon-gotowe-od-zaraz-ID4wzuy/kliny-zacisze-42-m-balkon-gotowe-od-zaraz-ID4wzuy_collage.jpg,6.96327486319857,7.6496511862289935,2,urban,Dębniki,50.00106,19.89048,6.0,secondary,full_ownership,499999.0,11627.883720930233,1,ready_to_use,1,1,1,0,0,0,578624.0625
business,40.0,2015.0,5.0,otodom_photos/2-pokoje-nowa-huta-plac-centralny-os-centrum-c-40m2-nizsza-cena-ID4uSyk/2-pokoje-nowa-huta-plac-centralny-os-centrum-c-40m2-nizsza-cena-ID4uSyk_collage.jpg,7.1736452352717865,7.642016193590981,2,urban,Nowa Huta,50.0736044,20.0362311,6.0,secondary,full_ownership,514000.0,12850.0,2,to_renovation,0,1,1,0,0,0,555668.5625
business,46.98,1950.0,4.0,otodom_photos/grzegorzki-aleja-pokoju-mieszkanie-3-pokojowe-nowa-cena-13-200-zl-ID4wIUY/grzegorzki-aleja-pokoju-mieszkanie-3-pokojowe-nowa-cena-13-200-zl-ID4wIUY_collage.jpg,2.6133547563914874,3.109986964113734,3,urban,Grzegórzki,50.06439,19.97356,3.0,secondary,full_ownership,620136.0,13200.0,3,to_renovation,0,1,1,0,0,0,651357.6875
business,56.78,1960.0,4.0,otodom_photos/krowodrza-ul-smoluchowskiego-mieszkanie-56-78m2-pod-inwestycje-ID4v7Ye/krowodrza-ul-smoluchowskiego-mieszkanie-56-78m2-pod-inwestycje-ID4v7Ye_collage.jpg,3.0636622826353026,1.86200093284111,0,urban,Krowodrza,50.0721523,19.906411,2.0,secondary,full_ownership,770000.0,13561.113067981683,2,to_renovation,1,1,1,0,0,0,817103.5
business,93.0,2012.0,2.0,otodom_photos/apartament-do-wejscia-na-kameralnym-osiedlu-zielen-super-lokalizacja-ID4vpic/apartament-do-wejscia-na-kameralnym-osiedlu-zielen-super-lokalizacja-ID4vpic_collage.jpg,5.579227004279376,6.644048058744212,1,gas,Swoszowice,50.0052487,19.9298685,8.0,secondary,full_ownership,1199000.0,12892.47311827957,4,ready_to_use,1,0,1,0,0,0,1172144.375
business,35.65,1998.0,4.0,otodom_photos/gotowe-do-zamieszkania-mieszkanie-na-ul-centralnej-ID4wOZD/gotowe-do-zamieszkania-mieszkanie-na-ul-centralnej-ID4wOZD_collage.jpg,5.475290920482113,5.980049816829505,0,urban,Czyżyny,50.068961163581,20.013555854504,6.0,secondary,full_ownership,510000.0,14305.750350631137,2,ready_to_use,0,1,0,0,0,0,529477.625
business,37.5,1965.0,4.0,otodom_photos/2-pokoje-wysoki-parter-nowa-huta-zielona-okolica-mpec-ID4vuye/2-pokoje-wysoki-parter-nowa-huta-zielona-okolica-mpec-ID4vuye_collage.jpg,7.111344223265412,7.268572474249956,0,urban,Bieńczyce,50.0880279,20.0253269,3.0,secondary,full_ownership,480000.0,12800.0,2,to_renovation,0,1,1,0,0,0,454453.0625
business,40.23,2025.0,4.0,otodom_photos/slow-city-gotowe-2-pokoje-tramwaj-ID4vBvr/slow-city-gotowe-2-pokoje-tramwaj-ID4vBvr_collage.jpg,4.9364693104679445,3.7260381840283614,1,urban,Prądnik Biały,50.0983675,19.925205,4.0,secondary,full_ownership,665000.0,16529.952771563512,2,ready_to_use,1,0,0,0,0,1,686420.25
business,53.07,2013.0,5.0,otodom_photos/na-sprzedaz-mieszkanie-53-m2-bez-prowizji-ID4wUeQ/na-sprzedaz-mieszkanie-53-m2-bez-prowizji-ID4wUeQ_collage.jpg,3.472018164511274,3.834057890779648,1,urban,Grzegórzki,50.069203008569,19.983316594165,7.0,secondary,full_ownership,1020000.0,19219.898247597517,2,ready_to_use,1,0,1,0,0,1,1023037.125
business,35.48,1912.0,5.0,otodom_photos/nowa-inwestycja-ID4wtZO/nowa-inwestycja-ID4wtZO_collage.jpg,0.6458379585845963,1.9474634555823875,1,urban,Stare Miasto,50.0494,19.9424,8.0,secondary,full_ownership,519000.0,14627.95941375423,2,to_renovation,1,1,1,0,0,1,663009.6875
private,39.0,2015.0,3.0,otodom_photos/mieszkanie-39m2-kameralny-budynek-blisko-parku-ID4v2v1/mieszkanie-39m2-kameralny-budynek-blisko-parku-ID4v2v1_collage.jpg,5.074557660842638,6.370717126316496,1,other,Bieżanów-Prokocim,50.0228739,19.9904668,7.0,secondary,full_ownership,630000.0,16153.846153846154,2,ready_to_use,1,0,0,0,0,0,586870.6875
business,54.61,2024.0,2.0,otodom_photos/bronowice-wielkie-apartament-3-pokoje-gotowy-ID4vDlD/bronowice-wielkie-apartament-3-pokoje-gotowy-ID4vDlD_collage.jpg,5.81116665278654,4.49961664150345,0,urban,Prądnik Biały,50.0956936,19.8889061,8.0,secondary,full_ownership,803553.0,14714.39296832082,3,to_completion,0,0,0,1,1,1,825559.5625
business,32.2,1912.0,5.0,otodom_photos/nowa-inwestycja-ID4wtFS/nowa-inwestycja-ID4wtFS_collage.jpg,0.6421969544177156,1.941014997714276,1,urban,Stare Miasto,50.0494,19.9422,7.0,secondary,full_ownership,499000.0,15496.894409937886,2,to_renovation,1,1,1,0,0,1,648204.5625
private,74.62,1950.0,6.0,otodom_photos/bezposrednio-3-pokoje-osiedle-centrum-a-ID4vcwJ/bezposrednio-3-pokoje-osiedle-centrum-a-ID4vcwJ_collage.jpg,7.553003151421011,8.0700923629162,4,urban,Nowa Huta,50.0716167,20.0425982,4.0,secondary,full_ownership,850000.0,11391.047976413827,3,to_renovation,0,1,1,1,0,1,981210.3125
business,62.0,2021.0,5.0,otodom_photos/stylowe-mieszkanie-z-balkonem-niedaleko-zakrzowka-ID4vqYS/stylowe-mieszkanie-z-balkonem-niedaleko-zakrzowka-ID4vqYS_collage.jpg,7.069434703668859,7.805460573980962,3,urban,Dębniki,49.9987494,19.8938791,8.0,secondary,full_ownership,872000.0,14064.516129032258,2,ready_to_use,1,0,1,0,0,1,889941.4375
business,43.38,2023.0,4.0,otodom_photos/mieszkanie-nowe-jasne-cisza-zielen-ID4wTeB/mieszkanie-nowe-jasne-cisza-zielen-ID4wTeB_collage.jpg,3.571061840104452,4.669562460539425,2,urban,Podgórze,50.045047226855,19.98755226425,8.0,secondary,full_ownership,819000.0,18879.66804979253,2,ready_to_use,0,0,0,1,0,1,833845.875
business,37.0,1980.0,10.0,otodom_photos/przestronne-2-pokoje-przy-plantach-bienczyckich-ID4vvBf/przestronne-2-pokoje-przy-plantach-bienczyckich-ID4vvBf_collage.jpg,6.209639288797128,6.240975685328005,8,urban,Bieńczyce,50.0889255,20.0091132,3.0,secondary,full_ownership,450000.0,12162.162162162162,2,ready_to_use,0,1,1,1,0,1,564044.5
private,57.0,2022.0,10.0,otodom_photos/krakow-os-podwawelskie-3-pokojowe-57m2-i-pietro-ID4tTfL/krakow-os-podwawelskie-3-pokojowe-57m2-i-pietro-ID4tTfL_collage.jpg,1.7397457489098636,2.578391418752576,1,urban,Dębniki,50.041912,19.9266491,3.0,secondary,limited_ownership,809400.0,14200.0,3,ready_to_use,1,1,1,0,0,0,883515.1875
business,47.0,1950.0,4.0,otodom_photos/2-pok-wlasna-aranzacja-os-sloneczne-ID4v6gt/2-pok-wlasna-aranzacja-os-sloneczne-ID4v6gt_collage.jpg,7.650212653418674,8.070649105111794,0,urban,Nowa Huta,50.0771006,20.0415007,4.0,secondary,full_ownership,537000.0,11425.531914893618,2,to_renovation,0,1,1,0,0,0,595250.375
business,59.1,1997.0,4.0,otodom_photos/mieszkanie-z-potencjalem-w-spokojnej-dzielnicy-krakowa-ID4vvbd/mieszkanie-z-potencjalem-w-spokojnej-dzielnicy-krakowa-ID4vvbd_collage.jpg,5.276829445924377,6.565658899602194,4,urban,Podgórze Duchackie,50.0099833,19.9633795,5.0,secondary,limited_ownership,719000.0,12165.820642978004,3,to_renovation,1,1,1,0,0,0,753688.125
business,48.21,2020.0,4.0,otodom_photos/2-pokoje-w-wysokim-standardzie-z-ogrodem-i-mp-ID4v4q4/2-pokoje-w-wysokim-standardzie-z-ogrodem-i-mp-ID4v4q4_collage.jpg,7.308809468778231,8.617615709289497,0,urban,Bieżanów-Prokocim,50.00559,20.00748,8.0,secondary,full_ownership,779000.0,16158.473345778884,2,ready_to_use,0,0,0,0,1,1,761044.5625
business,45.0,2008.0,8.0,otodom_photos/pradnik-czerwony-2-pokoje-z-duzym-balkonem-winda-ID4vD3U/pradnik-czerwony-2-pokoje-z-duzym-balkonem-winda-ID4vD3U_collage.jpg,3.3258959966906088,3.428871867912997,8,urban,Prądnik Czerwony,50.074044,19.97593,5.0,secondary,full_ownership,720000.0,16000.0,2,ready_to_use,1,0,0,0,0,1,733491.375
business,67.2,2012.0,4.0,otodom_photos/idealne-mieszkanie-dla-rodziny-wyposazone-do-wejscia-0-prowizji-ID4vDhX/idealne-mieszkanie-dla-rodziny-wyposazone-do-wejscia-0-prowizji-ID4vDhX_collage.jpg,5.146774905185369,5.730765296382328,2,gas,Czyżyny,50.0653126,20.0102863,8.0,secondary,full_ownership,965000.0,14360.119047619048,3,ready_to_use,1,0,0,0,0,1,1058932.875
business,52.25,2020.0,4.0,otodom_photos/wyposazone-i-eleganckie-2-pok-balkon-taras-garaz-ID4vDMu/wyposazone-i-eleganckie-2-pok-balkon-taras-garaz-ID4vDMu_collage.jpg,9.43740669917856,10.5743116522318,0,urban,Bieżanów-Prokocim,50.019501,20.060027,8.0,secondary,full_ownership,769000.0,14717.703349282296,2,ready_to_use,1,0,0,0,1,1,702761.0
business,42.2,1965.0,4.0,otodom_photos/3-pokojowe-z-loggia-i-piwnica-ID4vCMk/3-pokojowe-z-loggia-i-piwnica-ID4vCMk_collage.jpg,1.1303877973903105,1.069954990603908,3,urban,Stare Miasto,50.06465,19.94498,4.0,secondary,full_ownership,525000.0,12440.758293838862,3,to_renovation,1,1,1,0,0,0,904497.9375
private,38.5,2019.0,10.0,otodom_photos/nowoczesne-mieszkanie-na-9-pietrze-gorka-narodowa-ID4vDqC/nowoczesne-mieszkanie-na-9-pietrze-gorka-narodowa-ID4vDqC_collage.jpg,5.384892821255932,4.688066503949359,9,urban,Prądnik Biały,50.100707454446,19.96493450443,8.0,secondary,full_ownership,690000.0,17922.077922077922,2,ready_to_use,1,0,0,0,0,1,689485.8125
private,68.0,2025.0,5.0,otodom_photos/bezposrednio-3-pokoje-bez-pcc-nowe-budownictwo-2025-siewna-duzy-balkon-ID4vhAa/bezposrednio-3-pokoje-bez-pcc-nowe-budownictwo-2025-siewna-duzy-balkon-ID4vhAa_collage.jpg,4.270964022934963,3.524658298502986,3,urban,Prądnik Biały,50.09206038195,19.955723259277,8.0,secondary,full_ownership,1149000.0,16897.058823529413,3,ready_to_use,1,0,0,0,0,1,1138428.625
business,36.0,1952.0,3.0,otodom_photos/okazja-2-oddzielne-pokoje-z-piwnica-ID4vCXS/okazja-2-oddzielne-pokoje-z-piwnica-ID4vCXS_collage.jpg,7.167247733847662,7.51236614905593,3,urban,Nowa Huta,50.079734,20.03273,3.0,secondary,full_ownership,449000.0,12472.222222222224,2,to_renovation,0,1,1,0,0,0,452744.1875
private,104.0,2023.0,3.0,otodom_photos/hit-wykonczone-eleganckie-5pok-2lazienki-klima-sauna-jacuzzi-ID4uRpS/hit-wykonczone-eleganckie-5pok-2lazienki-klima-sauna-jacuzzi-ID4uRpS_collage.jpg,8.962533373261063,10.100828709146962,3,urban,Bieżanów-Prokocim,50.02126,20.05397,8.0,secondary,full_ownership,1499000.0,14413.46153846154,5,ready_to_use,1,0,0,0,0,0,1549492.0
business,124.0,1998.0,5.0,otodom_photos/mieszkania-dla-rodziny-5-pokoi-ul-turniejowa-ID4wQYb/mieszkania-dla-rodziny-5-pokoi-ul-turniejowa-ID4wQYb_collage.jpg,5.184039953561551,6.469063645840605,4,urban,Podgórze Duchackie,50.0105637886291,19.96195888203125,7.0,secondary,full_ownership,1349000.0,10879.032258064515,5,to_completion,1,1,1,0,0,0,1466886.0
business,43.42,2017.0,6.0,otodom_photos/nowoczesne-2-pokojowe-mieszkanie-w-nowym-bloku-ID4wRt9/nowoczesne-2-pokojowe-mieszkanie-w-nowym-bloku-ID4wRt9_collage.jpg,5.486374504167629,6.105702811294878,3,urban,Czyżyny,50.06412633,20.01552875,7.0,secondary,full_ownership,700000.0,16121.602947950252,2,ready_to_use,1,0,0,0,0,1,718537.0625
business,50.0,2023.0,9.0,otodom_photos/piasta-park-2-pokoje-wykonczone-do-wejscia-ID4wY7L/piasta-park-2-pokoje-wykonczone-do-wejscia-ID4wY7L_collage.jpg,7.644831149324887,7.484767416615362,0,urban,Mistrzejowice,50.10325,20.01632,7.0,secondary,full_ownership,699000.0,13980.0,2,ready_to_use,0,0,0,0,0,1,739308.875
business,34.1,1971.0,4.0,otodom_photos/przestronne-2-pokoje-na-os-albertynskim-osobna-kuchnia-ID4vk3H/przestronne-2-pokoje-na-os-albertynskim-osobna-kuchnia-ID4vk3H_collage.jpg,6.421995827701246,6.652719881835525,0,urban,Bieńczyce,50.0824446,20.0191704,7.0,secondary,limited_ownership,555000.0,16275.65982404692,2,ready_to_use,1,0,1,0,0,1,538848.3125
business,49.21,2020.0,3.0,otodom_photos/gotowy-apartament-pod-krotki-najem-od-wlasciciela-ID4wQXr/gotowy-apartament-pod-krotki-najem-od-wlasciciela-ID4wQXr_collage.jpg,0.9509633206564212,1.4142021123047404,0,urban,Dębniki,50.05239949,19.92731094,8.0,secondary,full_ownership,782439.0,15900.0,3,ready_to_use,0,0,0,0,0,1,788547.6875
business,48.14,2016.0,10.0,otodom_photos/2-pok-os-kuchnia-duzy-balkon-do-wejscia-mpec-ID4vgZS/2-pok-os-kuchnia-duzy-balkon-do-wejscia-mpec-ID4vgZS_collage.jpg,5.5688619912170285,6.889067838071748,5,urban,Podgórze Duchackie,50.01163,19.97899,8.0,secondary,full_ownership,739000.0,15351.05941005401,2,ready_to_use,1,0,0,0,0,1,777329.8125
private,60.72,2019.0,4.0,otodom_photos/mieszkanie-na-sprzedaz-ID4v2AM/mieszkanie-na-sprzedaz-ID4v2AM_collage.jpg,9.718336682401734,9.690203465746375,3,urban,Wzgórza Krzesławickie,50.108537195007,20.047656305018,7.0,secondary,full_ownership,870000.0,14328.06324110672,3,ready_to_use,1,0,0,0,0,1,816838.5625
business,38.11,1959.0,4.0,otodom_photos/krowodrza-ul-smoluchowskiego-mieszkanie-38-11m2-z-balkonem-ID4va8r/krowodrza-ul-smoluchowskiego-mieszkanie-38-11m2-z-balkonem-ID4va8r_collage.jpg,2.9350733505069044,1.692622023749754,2,urban,Krowodrza,50.0727949,19.9096299,5.0,secondary,full_ownership,600000.0,15743.899239044871,2,to_renovation,1,1,1,0,0,0,594664.625
business,38.11,1959.0,4.0,otodom_photos/krowodrza-ul-smoluchowskiego-mieszkanie-38-11m2-z-balkonem-ID4va8r/krowodrza-ul-smoluchowskiego-mieszkanie-38-11m2-z-balkonem-ID4va8r_collage.jpg,2.9350733505069044,1.692622023749754,2,urban,Krowodrza,50.0727949,19.9096299,4.0,secondary,full_ownership,600000.0,15743.899239044871,2,to_renovation,1,1,1,0,0,0,594664.625
private,25.69,2016.0,10.0,otodom_photos/komfortowa-kawalerka-z-duzym-balkonem-swietna-lokalizacja-ID4vkHy/komfortowa-kawalerka-z-duzym-balkonem-swietna-lokalizacja-ID4vkHy_collage.jpg,2.979049292938437,3.920800506590558,6,urban,Dębniki,50.029852017603,19.925614804117,6.0,secondary,full_ownership,529000.0,20591.669910471,1,ready_to_use,1,0,0,0,0,1,509255.71875
private,52.12,2012.0,3.0,otodom_photos/2-pokoje-z-ogrodkiem-wysoki-standard-krakow-lagiewniki-ID4vaMy/2-pokoje-z-ogrodkiem-wysoki-standard-krakow-lagiewniki-ID4vaMy_collage.jpg,3.4786658646637654,4.545585155468708,0,urban,Łagiewniki-Borek Fałęcki,50.0241407,19.9319974,8.0,secondary,full_ownership,795000.0,15253.261703760554,2,ready_to_use,0,0,1,1,0,0,852883.5
business,20.0,1960.0,4.0,otodom_photos/krowodrza-ul-juliusza-lea-kawalerka-20m2-pod-inwestycje-ID4v9DT/krowodrza-ul-juliusza-lea-kawalerka-20m2-pod-inwestycje-ID4v9DT_collage.jpg,3.0636622826353026,1.86200093284111,4,urban,Krowodrza,50.0721523,19.906411,4.0,secondary,full_ownership,395000.0,19750.0,1,to_completion,0,0,0,0,0,0,378202.90625
private,36.88,2025.0,5.0,otodom_photos/piekny-2-pokojowy-apartament-mlyny-mogilska-ID4pKVH/piekny-2-pokojowy-apartament-mlyny-mogilska-ID4pKVH_collage.jpg,3.5003513306931016,3.776549684582643,2,urban,Prądnik Czerwony,50.071234508916,19.982013442944,9.0,secondary,full_ownership,807672.0,21900.0,2,to_completion,1,0,0,0,0,1,723528.6875
business,43.94,2019.0,2.0,otodom_photos/nowoczesne-mieszkanie-z-tarasem-ul-morcinka-ID4vDaR/nowoczesne-mieszkanie-z-tarasem-ul-morcinka-ID4vDaR_collage.jpg,9.993267312780048,10.064330479245536,0,boiler_room,Wzgórza Krzesławickie,50.104403,20.05699,8.0,secondary,full_ownership,669000.0,15225.307237141558,2,ready_to_use,0,0,0,0,1,0,644925.25
private,53.41,2016.0,5.0,otodom_photos/bez-prowizji-od-wlasciciela-centrum-miasta-54m2-ID4tZG9/bez-prowizji-od-wlasciciela-centrum-miasta-54m2-ID4tZG9_collage.jpg,2.5110469944514704,1.2788618884161955,3,urban,Krowodrza,50.07648923708267,19.92918698690794,8.0,secondary,full_ownership,1099999.0,20595.37539786557,2,ready_to_use,1,0,0,1,1,1,1115520.875
private,111.75,1998.0,3.0,otodom_photos/krakow-sprzedaz-duze-111-m2-wysokie-3-pokoje-ID4qVF2/krakow-sprzedaz-duze-111-m2-wysokie-3-pokoje-ID4qVF2_collage.jpg,2.3895850917349115,1.187963550048619,0,gas,Krowodrza,50.07567,19.93084,8.0,secondary,full_ownership,1250000.0,11185.682326621923,3,ready_to_use,0,0,1,0,1,0,1508883.0
business,55.29,2024.0,2.0,otodom_photos/bronowice-wielkie-apartament-3-pokoje-gotowy-ID4vDlB/bronowice-wielkie-apartament-3-pokoje-gotowy-ID4vDlB_collage.jpg,5.81116665278654,4.49961664150345,1,urban,Prądnik Biały,50.0956936,19.8889061,9.0,secondary,full_ownership,819720.0,14825.827455236027,3,to_completion,1,0,0,1,0,1,853131.375
